EmisCode;PROVINCE;Institution name;District;Alternative Institution name;Legal Status;Practical Status of the institution;Closure data;Sector;Institution Type;Institution Phase;LandOwnership;Ex-education Department;Circuit;Registration date;Street name and sumber;City/Town;Postal Code;SA POST OFFICE VILLAGE;P O BOX;Private bag;Post office;Postal Code;TelCode1;Telephone1;TelCode2;Telephone2;EMail;EmailAlt;LONGITUDE;LATITUDE;GIS SOURCE;GIS last updated date;District municipality;Local municipality;Urban or rural;PersalPayPoint;PersalComponent;ExamCentreNumber;ExamCentre;Manager title;Managers initials;Manager surname;Institution closure date;Institution closure reason;Demarcation form;Demarcation to;Previous EMIS number;Updated EMIS number;Functions;Quintile;No-fee school status;SNE specialisation;Specialisation
300010701;NC;BOITUMELO SPECIALSCHOOL;FRANCES BAARD;;Formally Opened;Operational;;Public;Special Needs Education;Primary;Govt;;F8;;John Daka;Kimberley;8345;PO BOX 9661;PO BOX;Mankurwane;Kimberley;8345;078;3955182;078;5965046;boitumeloss@ncdoe.school.za;boitumelospecial@gmail.com;-28.716032;24.702023;;;;;;226020;970285;2010701;BOITUMELO SPECIAL SCHOOL;;;;;;;;;;;;;;
300022301;NC;HOPETOWN GEKOMBINEERDE SKOOL;PIXLEY-KA-SEME;;Formally Opened;Operational;;Public;Ordinary School;Combined;Govt;;P2;;HOPETOWN;HOPETOWN;8750;PO BOX 110;PO BOX;HOPETOWN;HOPETOWN;8750;053;2030053;053;2030053;;admin@hshopetown.co.za;-29.623935;24.087122;;;;;;;0;2022301;Hopetown Combined School;;;;;;;;;;;;;;
300011211;NC;SALTLAKE PRIMERE SKOOL;PIXLEY-KA-SEME;;Formally Opened;Operational;;Public;Ordinary School;Primary;Govt;;P5;;Saltlake;Saltlake Plaas;8731;PO BOX 2;PO BOX;Saltlake;Saltlake Plaas;8731;053;2850587;079;4891357;saltlakeprimary38@gmail.com;lizzymetse@gmail.com;-29.30213;24.00024;;;;;;225560;970271;;;;;;;;;;;;;;;;
300011210;NC;PLOOYSBURG INTERMEDIÊRE SKOOL;PIXLEY-KA-SEME;;Formally Opened;Operational;;Public;Ordinary School;Intermediate;Govt;;P5;;POSBUS 20;PLOOYSBURG;8350;PO BOX 20;PO BOX;PLOOYSBURG;PLOOYSBURG;8350;053;5828009;083;5192153;steenboknthabiseng@gmail.com;bettylock72@gmail.com;-29.032498;24,236758;;;;;;74609;74609;;Goverment;;;;;;;;;;;;;;
300011302;NC;WESLAAN SEKONDÊRE SKOOL;PIXLEY-KA-SEME;;Formally Opened;Operational;;Public;Ordinary School;Secondary;Govt;;P5;;Breipaal;Douglas;8730;PO BOX 450;PO BOX;Breipaal;Douglas;8730;053;2981423;062;5332685;weslaanhs@gmail.com;joseph.catherine64@gmail.com;-29.046666;23,757889;;;;;;225430;970256;2011302;Weslaan High School;;;;;;;;;;;;;;
300013204;NC;GRANGE PRIMARY;PIXLEY-KA-SEME;;Formally Opened;Operational;;Public;Ordinary School;Primary;Govt;;P2;;WITPUT;HOPETOWN;8750;PO BOX 298;PO BOX;WITPUT;HOPETOWN;8750;072;4951696;062;2387453;primary.grange@gmail.com;101clinodene@gmail.com;-29.52741;24.26444;;;;;;225340;225340;300013204;Grange Primary School;;;;;;;;;;;;;;
300011202;NC;BUCKLANDS (NGK) PRIMÊRE SKOOL;PIXLEY-KA-SEME;;Formally Opened;Operational;;Public;Ordinary School;Primary;Church;;P5;;Bucklands;Douglas;8730;PO BOX 276;PO BOX;Bucklands;Douglas;8730;082;8298144;079;6819754;bucklandsprimaryschool@gmail.com;bucklandsprimaryschool@gmail.com;-29.071202;23.688639;;;;;;225570;5817;;;;;;;;;;;;;;;;
300015202;NC;IKAGENG INTERMEDIÊRE  SKOOL;PIXLEY-KA-SEME;;Formally Opened;Operational;;Public;Ordinary School;Intermediate;Farm;;P5;;Douglas;Douglas;8730;PO BOX 3259;PO BOX;Kimberley;Kimberley;8300;053;2440810;053;2440810;ikagengkr@gmail.com;aubreyverkoper@gmail.com;-29.007854;23.937190;;;;;;225360;225360;;;;;;;;;;;;;;;;
300011214;NC;VAAL-ORANJE PRIMÊRE SKOOL;PIXLEY-KA-SEME;;Formally Opened;Operational;;Public;Ordinary School;Primary;Govt;;P5;;Breipaal;Douglas;8730;PO BOX 119;PO BOX;BREIPAAL;DOUGLAS;8730;053;2981712;076;3985703;vaaloranjeprim@gmail.com;dalvaleneboer@gmail.com;-29.04277;23.76856;;;;;;225240;999999;E2018874;Vaal-Oranje PALC;;;;;;;;;;;;;;
300016201;NC;AALWYN INTERMEDIÊRE SKOOL;PIXLEY-KA-SEME;;Formally Opened;Operational;;Public;Ordinary School;Intermediate;Govt;;P5;;Extention 1;Campbell;8360;PO BOX 09;PO BOX;Extention 1;Campbell;8360;053;0501078;079;8617139;sanoolyn471@gmail.com;aalwynkr@gmail.com;-28.79786;23.7265;;;;;;225230;300016;2018835;Aalwyn Intermediêre Skool;;;;;;;;;;;;;;
300016301;NC;GRIQUATOWN INTERMEDIATE SCHOOL;PIXLEY-KA-SEME;;Formally Opened;Operational;;Public;Ordinary School;Intermediate;Govt;;P5;;Matlhomola;Griekwastad;8365;PO BOX 52;PO BOX;Matlhomola;Griekwastad;3865;074;9125226;083;5396421;gtowncombinedschool@gmail.com;;-28.865387;23.266612;;;;;;3074620;300016;;;;;;;;;;;;;;;;
300021205;NC;KEURTJIEKLOOF LAERSKOOL;PIXLEY-KA-SEME;;Formally Opened;Operational;;Public;Ordinary School;Primary;Govt;;P1;;KEURTJIEKLOOF;VANDERKLOOF;8771;LELIE STRAAT 375 .375;LELIE STRAAT 375;KEURTJIEKLOOF;VANDERKLOOF;8771;053;6640150;072;7620511;chantell.springbok@gmail.com;keurtjiekloof@gmail.com;-30.01124;24.72897;;;;;;400629;503347;300021205;KEURTJIEKLOOF LAERSKOOL;;;;;;;;;;;;;;
300011301;NC;BONGANI PRIMARY SCHOOL;PIXLEY-KA-SEME;;Formally Opened;Operational;;Public;Ordinary School;Primary;Govt;;P5;;Bongani;DOUGLAS;8730;MQOMO STREET 12;MQOMO STREET;BONGANI;DOUGLAS;8730;053;2981578;053;2981578;bonganips@ncdoe.school.za;bonganiprim@gmail.com;-29.06931;23.77539;;;;;;74614;970249;;;;;;;;;;;;;;;;
300015208;NC;VAALLUS (NGK) PRIMÊRE SKOOL;PIXLEY-KA-SEME;;Formally Opened;Operational;;Public;Ordinary School;Primary;Church;;P5;;VAALLUS;DOUGLAS;8730;PO BOX 341;PO BOX;VAALLUS;DOUGLAS;8730;083;9911177;083;9911177;vaallus700@gmail.com;johnstenekamp799@gmail.com;-28.955929;23,942424;;;;;;225600;5886;300015208;Vaallus Primêre Skool;;;;;;;;;;;;;;
300054201;NC;GOOD HOPE MIXED PRIMARY SCHOOL;JOHN TAOLO GAETSEWE;;Formally Opened;Operational;;Independent;Ordinary School;Primary;Private;;KURUMAN;;KURUMAN;KURUMAN;8460;PRIVATE BAG X1532;PRIVATE BAG X;POSTNET 614;KURUMAN;8460;053;7120072;078;4159955;admin@goodhopepreschool.co.za;admin@goodhopemixedprimary.co.za;-27.447056;23.435793;;;;;;;;200054201;GOODHOPE MIXED PRIMARY;;;;;;;;;;;;;;
300016220;NC;SCHMIDTSDRIFT BATLHAPING INTERMEDIATE SCHOOL;PIXLEY-KA-SEME;;Formally Opened;Operational;;Public;Ordinary School;Intermediate;Trust Land;;P5;;Schmidtsdrift;Schmidtsdrift;8300;PO BOX 1338;PO BOX;Schmidtsdrift;Kimberley;8300;053;8337266;072;8399459;schmidtsdriftbatlhapingis@ncdoe.school.za;schmidtsdriftinterschool@gmail.com;-28.70252;24.06053;;;;;;448110;971062;;Schmidtsdrift Batlhaping Intermediate;;;;;;;;;;;;;;
300017225;NC;FUTURUM AKADEMIE;FRANCES BAARD;;Formally Opened;Operational;;Independent;Ordinary School;Combined;Private Company;;F4;;Tadcaster Voorstad;Jan Kempdorp;8550;Posbus 656;Posbus;Jan Kempdorp;Noord-Kaap;8550;078;4531245;;;info@futurumakademie.co.za;info@futurumakademie.co.za;24,813036;-27,852507;;;;;;0;0;0;Futurum;;;;;;;;;;;;;;0
300011305;NC;HOËRSKOOL  DOUGLAS  GEKOMBINEERD;PIXLEY-KA-SEME;;Formally Opened;Operational;;Public;Ordinary School;Combined;Govt;;P5;;;DOUGLAS;8730;PO BOX 97;PO BOX;;DOUGLAS;8730;053;2981041;082;8803536;hsd@douglas.co.za;hsdadjunkhoofsasams@gmail.com;-29.05594;23.76985;;;;;;212210;3;2011305;Hoërskool Douglas;;;;;;;;;;;;;;
300021203;NC;HAYES PRIMÊRE SKOOL;PIXLEY-KA-SEME;;Formally Opened;Operational;;Public;Ordinary School;Primary;Church;;P1;;Houtkraal;De aar;7000;PO BOX 230;PO BOX;Posbus 230;Houtkraal ;7000;053;6310264;072;2080226;hayesprimer@gmail.com;jolandedeaar@gmail.com;-30.39112;24.10493;;;;;;300021203;999999;;;;;;;;;;;;;;;;
300021101;NC;DE AAR JUNIOR PRIMÊRE SKOOL;PIXLEY-KA-SEME;;Formally Opened;Operational;;Public;Ordinary School;Primary;Govt;;P1;;DE AAR;DE AAR;7000;PO BOX 114;PO BOX;DE AAR;DE AAR;7000;053;6310101;084;4910348;jpshoof@gmail.com;jpshoof@gmail.com;-30.64521;24.00407;;;;;;410310;970730;;;;;;;;;;;;;;;;
300021202;NC;EMTHANJENI PRIMARY SCHOOL;PIXLEY-KA-SEME;;Formally Opened;Operational;;Public;Ordinary School;Primary;Govt;;P1;;Nonzwakazi;DE  AAR;7000;PO BOX 296;PO BOX;Nonzwakazi;DE  AAR;7000;053;6314011;082;9779644;emthanjenips@gmail.com;emthanjenips@gmail.com;-30.67024;24.02775;;;;;;410230;300021;;;;;;;;;;;;;;;;
300021201;NC;ALPHA PRIMARY SCHOOL;PIXLEY-KA-SEME;;Formally Opened;Operational;;Public;Ordinary School;Primary;Govt;;P1;;Happy Valley;De Aar;7000;c/o Alpha & Rand Street 1;c/o Alpha & Rand Street;Happy Valley;De Aar;7000;053;0506281;072;7418281;alphaps@ncdoe.school.za;alphaps@ncdoe.school.za;-30.649314;24.031437;;;;;;3400610;400610;;;;;;;;;;;;;;;;
300021212;NC;WILLIE THERON PRIMARY;PIXLEY-KA-SEME;;Formally Opened;Operational;;Public;Ordinary School;Primary;Govt;;P1;;De Aar;Olive Scheiner;7000;PO BOX 338;PO BOX;De Aar;De Aar;7000;054;6313032;060;3751281;willietheron284@gmail.com;zone.christie@yahoo.com;-30.64841;24.0188;;;;;;400696;0;;;;;;;;;;;;;;;;
300016302;NC;!XUNKHWESA COMBINED SCHOOL;FRANCES BAARD;;Formally Opened;Operational;;Public;Ordinary School;Combined;Govt;;F5;;Kimberley;Platfontein;8301;PO BOX 110820;PO BOX;Hadison Park;Kimberley;8306;053;8321266;076;9792720;xunkhwesacs@ncdoe.school.za;xunkhwesa25@gmail.com;-28.70804;24.65462;;;;;;74616;532744;16302;!XUNKHWESA;;;;;;;;;;;;;;
300021208;NC;PHILIPSTOWN HIGH SCHOOL;PIXLEY-KA-SEME;;Formally Opened;Operational;;Public;Ordinary School;Secondary;Govt;;P1;;Philipstown;Philipstown;8795;PO BOX 77;PO BOX;Philipstown;Philipstown;8795;053;6650104;083;5592697;philipstownhigh2@gmail.com;philipstownhigh2@gmail.com;-30.43755;24.46786;;;;;;410190;970753;300021208;Philipstown High School;;;;;;;;;;;;;;
300021213;NC;ZINGISANI PRIMARY SCHOOL;PIXLEY-KA-SEME;;Formally Opened;Operational;;Public;Ordinary School;Primary;Govt;;;;DE AAR;DE AAR;7000;PO BOX 289;PO BOX;De Aar;DE AAR;7000;053;6313081;076;7972126;zingisanips@gmail.com;zingisanips@gmail.com;-30.66952;24.02596;;;;;;410250;123456;;;;;;;;;;;;;;;;
300014212;NC;PESCODIA PRIMARY SCHOOL;FRANCES BAARD;;Formally Opened;Operational;;Public;Ordinary School;Primary;Govt;;F3;;Pescodia;Kimberley;8301;PO BOX 396;PO BOX;Pescodia;Kimberley;8301;053;8731611;083;6456212;pescodiaps@ncdoe.school.za;pescodiaprimary@gmail.com;-28.66835;24.72428;;;;;;225280;970369;2014212;PESCODIA PRIMARY SCHOOL;;;;;;;;;;;;;;
300021307;NC;VISISANI PRIMARY SCHOOL;PIXLEY-KA-SEME;;Formally Opened;Operational;;Public;Ordinary School;Primary;Govt;;P1;;PETRUSVILLE;PETRUSVILLE;8770;PO BOX 86;PO BOX;PETRUSVILLE;PETRUSVILLE;8770;053;6630169;060;6215243;visisanips@ncdoe.school.za;zingie1968@gmail.com;-30.07619;24.67382;;;;;;13361961;694269;300021307;VISISANI PRIMARY SCHOOL;;;;;;;;;;;;;;
300021403;NC;MONWABISI HIGH SCHOOL;PIXLEY-KA-SEME;;Formally Opened;Operational;;Public;Ordinary School;Secondary;Govt;;P1;;DE AAR;DE AAR;7000;PO BOX 306;PO BOX;DE AAR;DE AAR;7000;071;8967551;071;8967551;monwabisihigh@gmail.com;mongsbooi@gmail.com;-30.668228;24.027130;;;;;;410280;0;22021403;MONWABISI HIGH SCHOOL;;;;;;;;;;;;;;
300022206;NC;PRIMÊRE SKOOL PRIESKA;PIXLEY-KA-SEME;;Formally Opened;Operational;;Public;Ordinary School;Primary;Govt;;;;Prieska;Prieska;8940;PO BOX 46;PO BOX;Prieska;Prieska;8940;053;3531651;082;2644753;primereskoolprieska@gmail.com;primereskoolprieska@gmail.com;-29.66573;22.74759;;;;;;410650;410650;300022206;Prieska Primary School;;;;;;;;;;;;;;
300101753;NC;RAPELANG INTERMEDIATE SCHOOL;JOHN TAOLO GAETSEWE;;Formally Opened;Operational;;Public;Ordinary School;Intermediate;Govt;;K2;;VRYBURG  ;KURUMAN ;8460;PO BOX 2574;PO BOX;VRYBURG;KURUMAN;8600;076;8231910;076;8231910;rapelangintermediateschool@gmail.com;rapelangintermediateschool@gmail.com;-26.953212;23,873981;;;;;;961379;961379;300101753;RAPELANG PRIMARY;;;;;;;;;;;;;;
300021207;NC;LAERSKOOL DE AAR;PIXLEY-KA-SEME;;Formally Opened;Operational;;Public;Ordinary School;Primary;Govt;;P1;;DE AAR;DE AAR;7000;POSBUS 52;;DE AAR;DE AAR;7000;053;6312772;084;4004782;info@laerskooldeaar.co.za;finansies@laerskooldeaar.co.za;-30.65784;24.00188;;;;;;410320;909707;;;;;;;;;;;;;;;;
300021401;NC;De Aar High School;PIXLEY-KA-SEME;;Formally Opened;Operational;;Public;Ordinary School;Secondary;Govt;;P1;;DE AAR;DE AAR;7000;PO BOX 242;PO BOX;DE AAR;DE AAR;7000;053;6313691;082;3783612;admin@hsda.co.za;admin@hsda.co.za;-30.65491;24.00084;;;;;;410400;410400;2021401;Hoërskool De Aar;;;;;;;;;;;;;;
300022210;NC;SAAMSTAAN INTERMEDIERE  SKOOL;PIXLEY-KA-SEME;;Formally Opened;Operational;;Public;Ordinary School;Intermediate;Farm;;P2;;PRIESKA;PRIESKA;8940;PO BOX 511;PO BOX;;PRIESKA;8940;083;5501981;082;4419809;;saamstaanprimer@gmail.com;-29.650134;23,413646;;;;;;410700;505888;;;;;;;;;;;;;;;;
300022203;NC;JJ DREYER PRIMÊRE SKOOL;PIXLEY-KA-SEME;;Formally Opened;Operational;;Public;Ordinary School;Primary;Govt Education;;P2;;Prieska;PRIESKA;8940;PO BOX 207;PO BOX;Prieska;PRIESKA;8940;053;3531632;082;5628634;jjdreyer2022@gmail.com;jjdreyer@lantic.net;-29.664086;22.730194;;;;;;410620;503210;;;;;;;;;;;;;;;;
300022214;NC;ORANJE DIAMANT PRIMÊRE SKOOL;PIXLEY-KA-SEME;;Formally Opened;Operational;;Public;Ordinary School;Primary;Govt;;P2;;STEYNVILLE;HOPETOWN;8750;PO BOX 57;PO BOX;STEYNVILLE;HOPETOWN;8750;053;2030179;083;9788082;franklinhpedro@gmail.com;oranjediamant@gmail.com;-29.618152;24.100951;;;;;;400637;400637;300022214;Oranje Diamant Primary;;;;;;;;;;;;;;
300100345;NC;EDIGANG PRIMARY SCHOOL;JOHN TAOLO GAETSEWE;;Formally Opened;Operational;;Public;Ordinary School;Primary;Govt;;;;MOTHIBISTAD;MOTHIBISTAD;8474;PO BOX 507;PO BOX;MOTHIBISTAD;MOTHIBISTAD;8474;064;6763588;073;1614829;edigangprimary1@gmail.com;kmblaar@gmail.com;-27.202833;23.441217;;;;;;7961427;796;;100345;;;;;;;;;;;;;;
300023209;NC;NORVALSPONT INTERMEDIATE SCHOOL;PIXLEY-KA-SEME;;Formally Opened;Operational;;Public;Ordinary School;Intermediate;Govt;;P3;;NORVALSPONT;NORVASLPONT;9797;PO BOX 31;PO BOX;NORVALSPONT;NORVALSPONT;9797;051;7555008;060;6030811;norvprisch@gmail.com;zolekam37@gmail.com;-30.63171;25.45496;;;;;;410160;970796;300023209;NORVALSPONT INTERMEDIATE SCHOOL;;;;;;;;;;;;;;
300021303;NC;ORANIA CVO-SKOOL;PIXLEY-KA-SEME;;Formally Opened;Operational;;Independent;Ordinary School;Combined;Private Company;;F2;;Kleingeluk;Hopetown;8752;Posbus 136;Posbus;Orania;;8752;;;;;admin@oraniacvo.co.za;finansies@oraniacvo.co.za;-29.812805;24.414422;;;;;;0;0;?;?;;;;;;;;;;;;;;0
300021211;NC;ST JOHN'S R.C. PRIMARY ;PIXLEY-KA-SEME;;Formally Opened;Operational;;Public;Ordinary School;Primary;Govt;;P1;;Extention 7;De Aar;7000;PO BOX 607;PO BOX;Extention 7;De Aar;700;053;6313282;082;5541274;stjohns.primary3282@gmail.com;benniepietersen03@gmail.com;-30.656747;24,02221;;;;;;406953;504602;300021211;ST JOHN'S R.C. PRIMARY ;;;;;;;;;;;;;;
300021306;NC;PHILIPVALE PRIMARY SCHOOL;PIXLEY-KA-SEME;;Formally Opened;Operational;;Public;Ordinary School;Primary;Govt;;P1;;Philipvale;Philipstown;8795;PO BOX 32;PO BOX;Philipvale;Philipstown;8795;074;1297316;065;5757157;philipvaleprim@gmail.com;philipvaleprim@gmail.com;-30.43208;24.46847;;;;;;400653;0;;Philipvale Primary School;;;;;;;;;;;;;;
300021405;NC;VERITAS HIGH SCHOOL;PIXLEY-KA-SEME;;Formally Opened;Operational;;Public;Ordinary School;Secondary;Govt;;P1;;EXTENSION 20;DE AAR;7000;PO BOX 782;PO BOX;EXTENSION 20;DE AAR;7000;053;0506280;082;6844187;winstonsswartz@gmail.com;veritash8@gmail.com;-30.651111;24,032934;;;;;;443646;533785;2021405;VERITAS HIGH SCHOOL;;;;;;;;;;;;;;Technical
300022302;NC;GEKOMBINEERDE SKOOL PRIESKA;PIXLEY-KA-SEME;;Formally Opened;Operational;;Public;Ordinary School;Combined;Govt;;P2;;Prieska;Prieska;8940;PO BOX 266;PO BOX;Prieska;Prieska;8940;053;3533245;053;3533245;kantoor.hsp@gmail.com;yvanheerden23@gmail.com;-29.67019;22,75337;;;;;;0003/41046;514323;2022302.0;Gekombineerde Skool Prieska;;;;;;;;;;;;;;
300022304;NC;LUVUYO PRIMARY SCHOOL;PIXLEY-KA-SEME;;Formally Opened;Operational;;Public;Ordinary School;Primary;Govt;;P4;;Mziwabantu;Britstown;8782;PO BOX 110;PO BOX;;Britstown;8782;072;8006268;072;8006268;luvuyoprimaryschool@gmail.com;;-30.57928;23.49271;;;;;;54389721;84976;;;;;;;;;;;;;;;;
300044209;NC;LAERSKOOL KATHU PRIMARY;JOHN TAOLO GAETSEWE;;Formally Opened;Operational;;Public;Ordinary School;Primary;Govt;;K4;;KATHU;KATHU;8446;Posbus 300;Posbus;KATHU;KATHU;8446;053;7231121;053;7231121;lkathu@ncdoe.school.za;hoof@kathulaerskool.co.za;-27.70408;23.04577;;;;;;361360;361360;244209;LAERSKOOL KATHU;;;;;;;;;;;;;;0
300021305;NC;PHILIPSTOWN PRIMARY SCHOOL;PIXLEY-KA-SEME;;Formally Opened;Operational;;Public;Ordinary School;Primary;Govt;;P1;;Lukhanyisweni;Philipstown;8795;PO BOX 53;PO BOX;Lukhanyisweni;Philipstown;8795;083;9283577;072;5599179;;philipstownprimary@gmail.com;-30.420050;24,463003;;;;;;3;410370;300021305;PHILIPSTOWN PRIMARY SCHOOL;;;;;;;;;;;;;;
300022202;NC;BLOUKRANS PRIMÊRE SKOOL;PIXLEY-KA-SEME;;Formally Opened;Operational;;Public;Ordinary School;Primary;Farm;;P2;;PRIESKA;PRIESKA;8940;PO BOX 172;PO BOX;PRIESKA;PRIESKA;8940;061;0432100;061;0432100;bloukrans22@gmail.com;petermaree70@gmail.com;-29.53711;22.99706;;;;;;410690;410690;300022202;Bloukrans;;;;;;;;;;;;;;
300021402;NC;PETRUSVILLE HIGH SCHOOL;PIXLEY-KA-SEME;;Formally Opened;Operational;;Public;Ordinary School;Secondary;Govt;;P1;;Petrusville;Petrusville;8770;PO BOX 71;PO BOX;Petrusville;Petrusville;8770;053;6630237;078;0828136;haasfionah@gmail.com;highschoolpetrusville@gmail.com;-30.08077;24.65703;;;;;;400646;400646;300021402;Petrusville High School;;;;;;;;;;;;;;
300022215;NC;STEYNVILLE PRIMARY SCHOOL;PIXLEY-KA-SEME;;Formally Opened;Operational;;Public;Ordinary School;Primary;Govt Education;;P2;;Steynville;Hopetown;8750;PO BOX 265;PO BOX;Steynville;Hopetown;8750;053;2030896;081;4900052;steynvilleprimary22@gmail.com;pwmachiu@gmail.com;-29.617088;24,102487;;;;;;972021;972021;12345;Steynville Primary School;;;;;;;;;;;;;;School of Skills
300022208;NC;RD WILLIAMS PRIMARY SCHOOL;PIXLEY-KA-SEME;;Formally Opened;Operational;;Public;Ordinary School;Primary;Govt;;P2;;PRIESKA;PRIESKA;8940;PO BOX 296;PO BOX;PRIESKA;PRIESKA;8940;053;3531911;053;3531911;ldapaulse@gmail.com;rdwilliams@telkomsa.net;-29.66422;22.72768;;;;;;410630;970766;;;;;;;;;;;;;;;;
300012219;NC;TSHIAMO PRIMARY SCHOOL;FRANCES BAARD;;Formally Opened;Operational;;Public;Ordinary School;Primary;Govt;;F7;;Mankurwane;Kimberley;8345;PRIVATE BAG X9026;PRIVATE BAG X;Mankurwane;Kimberley;8345;053;8714289;078;2490271;tshiamops@ncdoe.school.za;mickeysegole202@gmail.com;-28.709182;24,721051;;;;;;74417;970319;2012219;TSHIAMO PRIMARY SCHOOL;;;;;;;;;;;;;;
300034312;NC;AGGENEYS INTERNATIONAL ACADEMY;NAMAKWA;;Formally Opened;Operational;;Independent;Ordinary School;Combined;Mine;;N3;;;AGGENEYS;8893;PO BOX 322;PO BOX;AGGENEYS;AGGENEYS;8893;054;4950426;064;7822509;;administrator@aggeneysinternationalacademy.co.za;-29.234981;18.846235;;;;;;;;ZA128;Aggeneys International Academy ;;;;;;;;;;;;;;
300051302;NC;KATHU COMBINED SCHOOL;JOHN TAOLO GAETSEWE;;Formally Opened;Operational;;Independent;Ordinary School;Combined;Private Company;;;;Phase 1;Kathu;8446;KATDORING STREET 9;KATDORING STREET;Phase 1;Kathu;8446;065;5122395;073;7659649;kantoor@ktskathu.co.za;kathuimpak@gmail.com;-27.706974;23.044356;;;;;;;;;;;;;;;;;;;;;;;
300043226;NC;SIMBRUNER PRIMARY SCHOOL;ZF MGCAWU;;Formally Opened;Operational;;Public;Ordinary School;Primary;Govt;;S1;;Morning Glory;UPINGTON;8801;PO BOX 673;PO BOX;Morning Glory;UPINGTON;8800;054;3390825;082;4333180;simbrunerprimary@gmail.com;filladelafontaine@gmail.com;-28.46227;21.20754;;;;;;370169;970528;;;;;;;;;;;;;;;;
300100404;NC;GAMOHANA INTERMEDIATE SCHOOL;JOHN TAOLO GAETSEWE;;Formally Opened;Operational;;Public;Ordinary School;Intermediate;Govt;;K3;;MARUPING VILLAGE;KURUMAN;8460;PRIVATE BAG X149;PRIVATE BAG X;MOTHIBISTAD;KURUMAN;8474;063;6388090;072;1558750;gamohanajss@gmail.com;;-27.347745;23.367916;;;;;;961293;961293;2100404;Gamohana Intermediate School;;;;;;;;;;;;;;
300045219;NC;BANKHARA BODULONG PRIMARY SCHOOL;JOHN TAOLO GAETSEWE;;Formally Opened;Operational;;Public;Ordinary School;Primary;Govt;;K3;;Kuruman;Bankhara-Bodulong;8460;PO BOX 2290;PO BOX;Kuruman;Kuruman;8460;083;2675071;076;5764066;bankharaprimary@gmail.com;magomegregory98@gmail.com;-27.4234;23.38694;;;;;;361070;361070;2045219;Bankhara-Bodulong Primary;;;;;;;;;;;;;;
300100410;NC;GANTATELANG PRIMARY SCHOOL;JOHN TAOLO GAETSEWE;;Formally Opened;Operational;;Public;Ordinary School;Primary;Govt Education;;;;GANTATELANG VILLAGE;KURUMAN;8474;PO BOX 108;PO BOX;MOTHIBISTAD;KURUMAN;8474;073;6863221;071;1428777;gantatelang@gmail.com;mathekga.m@gmail.com;-27.351008;23.461625;;;;;;300100410;300100;2100410;GANTATELANG PRIMARY SCHOOL;;;;;;;;;;;;;;
300034303;NC;FRANCOIS VISSER LAERSKOOL;NAMAKWA;;Formally Opened;Operational;;Public;Ordinary School;Primary;Govt;;N2;;Pofadder;Pofadder;8890;PO BOX 90;PO BOX;Pofadder;Pofadder;8890;054;9330159;073;2993971;francoisvisserprim@gmail.com;sauljohn9872@gmail.com;-29.12421;19.38745;;;;;;350050;350050;;;;;;;;;;;;;;;;
300021404;NC;ORION HIGH SCHOOL;PIXLEY-KA-SEME;;Formally Opened;Operational;;Public;Ordinary School;Secondary;Govt Education;;P1;;Happy Valley;DE AAR;7000;PRIVATE BAG X268;PRIVATE BAG X;De Aar;DE AAR;7000;074;1313197;082;8552765;hskoolorion@yahoo.com;hskoolorion@yohoo.com;-30.649882;24.029765;;;;;;403458;403458;300021404;Orion High School;;;;;;;;;;;;;;
300106000;NC;BANKHARA BODULONG HIGH SCHOOL;JOHN TAOLO GAETSEWE;;Formally Opened;Operational;;Public;Ordinary School;Secondary;Govt;;K3;;BANKHARA-BODULONG;KURUMAN;8460;PO BOX 2628;PO BOX;BANKHARA HIGH SCHOOL;KURUMAN;8460;078;5347993;073;3506343;bankharacurriculum@gmail.com;bankharahigh@gmail.com;-27.423037;23.380628;;;;;;974506;970645;2045219;Bankhara-Bodulong High School;;;;;;;;;;;;;;
300033304;NC;HOËRSKOOL  WILLISTON ;NAMAKWA;;Formally Opened;Operational;;Public;Ordinary School;Secondary;Govt;;N4;;Williston;Williston;8920;PO BOX 8;PO BOX;Williston;Williston;8920;076;1073971;082;4541043;gskoolw@gmail.com;gskoolw@gmail.com;-31.338256;20.914522;;;;;;97312602;970971;2033304;Hoërskool Williston;;;;;;;;;;;;;;
300045403;NC;WRENCHVILLE HIGH SCHOOL;JOHN TAOLO GAETSEWE;;Formally Opened;Operational;;Public;Ordinary School;Secondary;Govt;;k7;;WRENCHVILLE;WRENCHVILLE;8468;PO BOX 94;PO BOX;WRENCHVILLE;KURUMAN;8468;053;1100195;083;7361006;wrenchvillehighschool@gmail.com;wrenchvillehighschool@gmail.com;-27.45428;23.45476;;;;;;381090;381090;2045403;Wrenchville high;;;;;;;;;;;;;;
300102117;NC;THUSEGO INTERMERDIATE SCHOOL;JOHN TAOLO GAETSEWE;;Formally Opened;Operational;;Public;Ordinary School;Secondary;Govt;;;;KURUMAN;KURUMAN;8460;PO BOX 546;PO BOX;TSINENG;MOTHIBISTAD;8474;082;5228784;076;6212950;thusegois@ncdoe.school.za;thusegois@gmail.com;-27.09526;23.08841;;;;;;007/961272;007/96;102117;THUSEGO INTERMEDIATE SCHOOL;;;;;;;;;;;;;;
300045203;NC;DIE KUIL INTERMEDIÊRE SKOOL;ZF MGCAWU;;Formally Opened;Operational;;Public;Ordinary School;Intermediate;Govt;;S5;;KUILSVILLE;DANIëLSKUIL;8405;PO BOX 54;PO BOX;KUILSVILLE;DANIELSKUIL;8405;053;0502233;082;8497648;diekuil@gmail.com;dwferris2@gmail.com;-29.19788;23.53729;;;;;;381020;970000;;;;;;;;;;;;;;;;
300012302;NC;DL JANSEN PRIMARY SCHOOL;FRANCES BAARD;;Formally Opened;Operational;;Public;Ordinary School;Primary;Govt;;F4;;Hebronpark;Windsorton;8510;PO BOX 9;PO BOX;Hebronpark;Windsorton;8510;076;8635196;076;8635196;dljansenps@ncdoe.school.za;dljansen@live.com;-28.32613;24.69057;;;;;;225310;225310;2012302;DL JANSEN PRIMARY SCHOOL;;;;;;;;;;;;;;
300034304;NC;HOËRSKOOL BOESMANLAND;NAMAKWA;;Formally Opened;Operational;;Public;Ordinary School;Secondary;Govt;;;;POFADDER;POFADDER;8890;SPRINGBOK STREET 241;SPRINGBOK STREET;POFADDER;POFADDER;8890;054;9330036;082;7196665;hskoolboesmanland@gmail.com;boesmanlandh@ncdoe.school.za;-29.132931;19.394127;;;;;;302040;971011;2034304;Hoerskool Boesmanland;;;;;;;;;;;;;;
300043306;NC;SC KEARNS SECONDARY SCHOOL;ZF MGCAWU;;Formally Opened;Operational;;Public;Ordinary School;Secondary;Govt;;S4;;LOUISVALE- ROAD;UPINGTON;8801;PRIVATE BAG X6037;PRIVATE BAG X;LOUISVALE;UPINGTON;8800;054;3250807;064;8031128;;sckearns28@gmail.com;-28.48165;21.27612;;;;;;373400;507932;2043306;S.C. Kearns High School;;;;;;;;;;;;;;
300051303;NC;KURUMAN MONTESSORI TREE COLLEGE;JOHN TAOLO GAETSEWE;;Formally Opened;Operational;;Independent;Ordinary School;Primary;Private;;K3;;Mothibistad;Kuruman;8474;T M TLHABANE ROAD 8;T M TLHABANE ROAD;;Kuruman ;8460;082;2310296;082;2310296;;rethabile.montessoritree@gmail.com;0;0;;;;;;;;;;;;;;;;;;;;;;;
300032401;NC;HOËRSKOOL NAMAKWALAND;NAMAKWA;;Formally Opened;Operational;;Public;Ordinary School;Secondary;Govt;;N1;;Springbok;SPRINGBOK;8240;PO BOX 161;PO BOX;Springbok;SPRINGBOK;8240;027;7121117;078;4415642;bokkieshsn101@gmail.com;admin@hsnamakwaland.co.za;-29.663278;17.888986;;;;;;5310266;970947;2032401;HS Namakwaland;;;;;;;;;;;;;;
300011404;NC;BONGANI  SECONDARY SCHOOL;PIXLEY-KA-SEME;;Formally Opened;Operational;;Public;Ordinary School;Secondary;Govt;;P5;;BONGANI;DOUGLAS;8730;PO BOX 249;PO BOX;BONGANI;DOUGLAS;8730;053;2985000;072;3105478;bonganihssecretary@gmail.com;keorekile@gmail.com;-29.07056;23.77591;;;;;;3970254;397025;2011404;BONGANI;;;;;;;;;;;;;;
300031210;NC;ROOIWAL (VGK) PRIMÊRE SKOOL;NAMAKWA;;Formally Opened;Operational;;Public;Ordinary School;Primary;Church;;;;ROOIWAL;ROOIWAL;8246;PO BOX 719;PO BOX;Steinkopf;Steinkopf;8244;071;6337286;071;6337286;rooiwall@ncdoe.school.za;farmermv@gmail.com;-28.703172;17,586054;;;;;;346888;970999;;;;;;;;;;;;;;;;
300045401;NC;HOËRSKOOL KALAHARI;JOHN TAOLO GAETSEWE;;Formally Opened;Operational;;Public;Ordinary School;Secondary;Private;;K4;;KURUMAN;KURUMAN;8460;PO BOX 405;PO BOX;KURUMAN;KURUMAN;8460;053;7122049;083;4481510;admin@hskalahari.co.za;johan.vandenheever@hskalahari.co.za;-27.425096;23.437787;;;;;;361590;140393;2045401;Kalahari High School;;;;;;;;;;;;;;
300101486;NC;NAMETSEGANG SECONDARY SCHOOL;JOHN TAOLO GAETSEWE;;Formally Opened;Operational;;Public;Ordinary School;Secondary;Govt Education;;K3;;CASSEL;KURUMAN;8587;PO BOX 458;PO BOX;KURUMAN;KURUMAN;8460;083;4970187;083;4970187;;keaobaka.@bagmail.com;-26.971697;23.971891;;;;;;007/961399;007/96;2101486;Nametsegang High School;;;;;;;;;;;;;;
300015203;NC;BOITSHOKO PRIMARY SCHOOL;FRANCES BAARD;;Formally Opened;Operational;;Public;Ordinary School;Primary;Govt;;;;Galeshewe;Kimberley;8345;PO BOX 8011;PO BOX;Galeshewe;Kimberley;8345;067;3183440;082;6188711;boitshokops@ncdoe.school.za;selloanemorwe13@gmail.com;-28.7186;24.74326;;;;;;74403;970378;300015203;BOITSHOKO PRIMARY SCHOOL;;;;;;;;;;;;;;
300021308;NC;VOLKSKOOL ORANIA;PIXLEY-KA-SEME;;Formally Opened;Operational;;Independent;Ordinary School;Combined;Private Company;;;;;Orania;8752;PO BOX 135;PO BOX;Orania;Orania;8752;053;2070161;053;2070161;ontvangs@volkskoolorania.co.za;admin1@volkskoolorania.co.za;-29,812992;24,413803;;;;;;;0;;;;;;;;;;;;;;;;
300051201;NC;HARMONY ENGLISH MEDIUM SCHOOL;JOHN TAOLO GAETSEWE;;Formally Opened;Operational;;Independent;Ordinary School;Primary;Private;;K1;;METSIMANTSI;METSIMANTSI;8460;LAXEY ROAD 10014;LAXEY ROAD;METSIMANTSI;METSIMANTSI;8460;072;7795611;072;7795611;;motseoacatherine85@gmail.com;;;;;;;;;123456;51201;;;;;;;;;;;;;;;
300022305;NC;HOËRSKOOL STEYNVILLE;PIXLEY-KA-SEME;;Formally Opened;Operational;;Public;Ordinary School;Secondary;Govt;;P2;;Steynville;Hopetown;8750;PO BOX 89;PO BOX;Steynville;Hopetown;8750;010;6016240;084;4631892;jscheep975@gmail.com;hssteynville@gmail.com;-29.61567;24.10411;;;;;;400683;400638;2022305;STEYNVILLE HIGH SCHOOL;;;;;;;;;;;;;;
300022309;NC;VAN WYKSVLEI INTERMEDIÊRE SKOOL;PIXLEY-KA-SEME;;Formally Opened;Operational;;Public;Ordinary School;Intermediate;Govt;;P4;;Po Box 51;Van Wyksvlei;8922;PO BOX 51;PO BOX;PO Box 51;Van Wyksvlei;8922;053;0502274;078;7329627;vwischool2@gmail.com;lukashoorn1@gmail.com;-30.3464;21.8209;;;;;;410580;502380;P2022309;Van Wyksvlei Intermediate School;;;;;;;;;;;;;;
300023217;NC;VLUGFONTEIN INTERMEDIÊRE SKOOL;PIXLEY-KA-SEME;;Formally Opened;Operational;;Public;Ordinary School;Intermediate;Farm;;P3;;VLUGFONTEIN;COLESBERG;9795;PO BOX 344;PO BOX;VLUGFONTEIN;COLESBERG;9795;051;7951600;074;2079092;vlugfonteinschool01@gmail.com;mosesbreyton@gmail.com;-31.02915;25.14719;;;;;;3436054;583159;300023217;VLUGFONTEIN INTERMEDIERE SKOOL;;;;;;;;;;;;;;
300100055;NC;BAITIREDI TECH  & COMMERCIAL HIGH SCHOOL;JOHN TAOLO GAETSEWE;;Formally Opened;Operational;;Public;Ordinary School;Secondary;Govt;;K 6;;MOTHIBISTAD;MOTHIBISTAD;8474;PRIVATE BAG X108;;MOTHIBISTAD;KURUMAN;8474;072;0899201;064;7349511;;baitireditechcomm@gmail.com;-27.39968;23.47907;;;;;;961306;961306;2100055;BAITIREDI TECH & COMM HIGH SCHOOL;;;;;;;;;;;;;;Technical
300023280;NC;IKHWEZI LOKUSA PRIMARY SCHOOL;PIXLEY-KA-SEME;;Formally Opened;Operational;;Public;Ordinary School;Primary;Govt;;P3;;NOUPOORT;NOUPOORT;5950;PO BOX 120;PO BOX;NOUPOORT;NOUPOORT;5950;049;9401011;065;7050988;ikhwezilokusaps@gmail.com;;-31.190432;24.954897;;;;;;410120;410120;300023280;IKHWEZI LOKUSA;;;;;;;;;;;;;;
300023301;NC;EUREKA INTERMEDIÊRE SKOOL;PIXLEY-KA-SEME;;Formally Opened;Operational;;Public;Ordinary School;Intermediate;Govt;;P3;;Eurekaville;Noupoort;5950;PO BOX 19;PO BOX;Eurekaville;Noupoort;5950;049;8431929;078;0215376;eureka.prim@gmail.com;;-31.19205;24.94423;;;;;;440655;440655;300023301;EUREKA INTERMEDIERE SKOOL;;;;;;;;;;;;;;
300053202;NC;CURRO KATHU;JOHN TAOLO GAETSEWE;;Formally Opened;Operational;;Independent;Ordinary School;Combined;Private;;K3;;KATHU;KATHU;8446;01 UMGENI WEG 01;01 UMGENI WEG;KATHU;KATHU;8446;087;2854755;087;2854755;antoinette.v1@curro.co.za;nelda.k01@curro.co.za;-27 706 417;23059611;;;;;;;;9634;Curro Kathu School Hall - Centre No 9634;;;;;;;;;;;;;;
300023210;NC;HANOVER PRIMARY SCHOOL;PIXLEY-KA-SEME;;Formally Opened;Operational;;Public;Ordinary School;Primary;Govt Education;;P3;;KWEZI LOCATION;HANOVER;7005;PO BOX 75;PO BOX;HANOVER;HANOVER;7005;053;6430451;074;9076521;hanprimary23210@gmail.com;hanprimary23210@gmail.com;-31.066017;24.452867;;;;;;410130;410130;;;;;;;;;;;;;;;;
300023215;NC;S.S. MADIKANE PRIMARY SCHOOL;PIXLEY-KA-SEME;;Formally Opened;Operational;;Public;Ordinary School;Primary;Govt;;P3;;KUYASA;COLESBERG;9795;PO BOX 76;PO BOX;KUYASA;COLESBERG;9795;051;0116372;083;3665268;ssmadikaneps@gmail.com;ssmadikaneps@ncdoe.school.za;-30.71892;25.11433;;;;;;003/410100;970795;2028813;IKHWEZI LOMSO PUBLIC CENTRE;;;;;;;;;;;;;;
300023303;NC;NOUPOORT GEKOMBINEERDE SKOOL;PIXLEY-KA-SEME;;Formally Opened;Operational;;Public;Ordinary School;Combined;Govt;;P3;;Noupoort;Noupoort;5950;SCHOOL 8;SCHOOL;Noupoort;Noupoort;5950;049;8431036;049;8431036;skoolhoof.ngs@gmail.com;skoolhoof.ngs@gmail.com;-31.17554;24.9528;;;;;;410430;410430;300023303;Noupoort Gekombineerde Skool;;;;;;;;;;;;;;
300024206;NC;HUTCHINSON PRIMÊRE SKOOL;PIXLEY-KA-SEME;;Formally Opened;Operational;;Public;Ordinary School;Primary;Farm;;P4;;Victoria Wes;Hutchinson;7080;PO BOX 212;PO BOX;Victoria West;Victoria West;7070;078;2181134;078;2181134;;bomelambu@gmail.com;-31.499315;23.184924;;;;;;440663;504769;;;;;;;;;;;;;;;;
300024203;NC;DELTA PRIMARY SKOOL;PIXLEY-KA-SEME;;Formally Opened;Operational;;Public;Ordinary School;Primary;Govt;;UBUNTU;;VOSBURG;VOSBURG;8780;PO BOX 3;PO BOX;VOSBURG;VOSBURG;8780;053;6750064;073;6260409;deltaprimarry64@gmail.com;xolngx13@gmail.com;-30.56927;22.87705;;;;;;440612;440612;0;DELTA PUBLIC CENTRE;;;;;;;;;;;;;;
300024207;NC;JJ BOOYSEN PRIMÊRE SKOOL;PIXLEY-KA-SEME;;Formally Opened;Operational;;Public;Ordinary School;Primary;Govt;;P4;;;Loxton;6985;PRIVATE BAG X42;PRIVATE BAG X;MARKSTREET;Loxton;6985;053;3813007;071;5027944;jjbooysenprimer@gmail.com;gclottering@gmail.com;-31.47483;22.34809;;;;;;440620;440620;;;;;;;;;;;;;;;;
300022307;NC;STRYDENBURG GEKOMBINEERDE SKOOL;PIXLEY-KA-SEME;;Formally Opened;Operational;;Public;Ordinary School;Combined;Govt;;P2;;Strydenburg;Strydenburg;8765;PO BOX 47;PO BOX;Strydenburg;Strydenburg;8765;053;0505663;072;8832231;strydenburg.school@gmail.com;strydenburg.school@gmail.com;-29.9442;23.6684;;;;;;400661;970771;3002022307;Strydenburg Combined School;;;;;;;;;;;;;;
300023302;NC;COLESBERG GEKOMBINEERDE SKOOL;PIXLEY-KA-SEME;;Formally Opened;Operational;;Public;Ordinary School;Combined;Govt;;P3;;Colesberg;Colesberg;9795;PRIVATE BAG X15;PRIVATE BAG X;Colesberg;Colesberg;9795;051;7530724;051;7530724;hscolesberg@xsinet.co.za;hoofcolesberg@xsinet.co.za;-30.7277;25.091;;;;;;410410;410410;2023302;Departement van Onderwys:  Noord-Kaap;;;;;;;;;;;;;;
300023306;NC;UMTHOMBO WOLWAZI INTERMEDIATE FARM SCHOOL;PIXLEY-KA-SEME;;Formally Opened;Operational;;Public;Ordinary School;Intermediate;Private;;P3;;;Colesberg;9795;PO BOX 151;PO BOX;Grootfontein Farm;Colesberg;9795;051;7531402;082;8418162;umthombo.hantam@gmail.com;;-30.97249;25.35175;;;;;;410210;3112;2023306;Umthombo Wolwazi Intermediate School;;;;;;;;;;;;;;
300024204;NC;DOMBIETERSFONTEIN PRIMERE SKOOL;PIXLEY-KA-SEME;;Formally Opened;Operational;;Public;Ordinary School;Primary;Private;;;;POSBUS  11;VICTORIA-WES;7070;DOMBIETERSFONTEIN PS 0;DOMBIETERSFONTEIN PS;POSBUS  11;VICTORIA-WES;7070;060;8182248;060;8182248;dombietersfonteinps@gmail.com;;-31.09348;23.33091;;;;;;447293;447293;300024204;DOMBIETERSFONTEIN;;;;;;;;;;;;;;
300023402;NC;PHAKAMISANI HIGH SCHOOL;PIXLEY-KA-SEME;;Formally Opened;Operational;;Public;Ordinary School;Secondary;Govt;;P3;;Hanover;Hanover;7005;RAWSTORNE STREET 9;RAWSTORNE STREET;Hanover;Hanover;7005;053;6430008;083;3492371;phakamisanihoerskool@gmail.com;phakamisanihoerskool@gmail.com;-31.069028;24,439289;;;;;;410220;970810;2023402;Phakamisani High School;;;;;;;;;;;;;;
300023304;NC;LOWRYVILLE INTERMEDIÊRE SKOOL;PIXLEY-KA-SEME;;Formally Opened;Operational;;Public;Ordinary School;Intermediate;Govt;;P3;;LOWRYVILLE;COLESBERG;9795;PO BOX 201;PO BOX;LOWRYVILLE;COLESBERG;9795;051;7530647;051;7530647;Lowryvilleskool@gmail.com;lowryvilleskool@gmail.com;-30.70676;25.10034;;;;;;000/430579;503640;300023304;LOWRYVILLE INTERMEDIATE SCHOOL;;;;;;;;;;;;;;
300023401;NC;ENOCH MTHETHO SENIOR SECONDARY SCHOOL;PIXLEY-KA-SEME;;Formally Opened;Operational;;Public;Ordinary School;Secondary;Govt;;P3;;KWAZAMUXOLO;NOUPOORT;5950;ENOCH MTHETHO HIGH SCHOOL 30;ENOCH MTHETHO HIGH SCHOOL;KWAZAMUXOLO;NOUPOORT;5950;049;4920031;063;0439478;enochmthetho3@gmail.com;michaelkei53@gmail.com;-31.19605;24.95477;;;;;;410600;223401;300023401;ENOCH MTHETHO SENIOR SECONDARY;;;;;;;;;;;;;;
300024221;NC;VAN DER WALTSPOORT PRIMÊRE SKOOL;PIXLEY-KA-SEME;;Formally Opened;Operational;;Public;Ordinary School;Primary;Farm;;P4;;VAN DER WALTSPOORT;VICTORIA WEST;7070;PO BOX 72;PO BOX;VAN DER WALTSPOORT;VICTORIA WEST;7070;082;6760758;082;6760758;classenb2@gmail.com;classenb2@gmail.com;-31.734937;22,75364;;;;;;447269;504727;;;;;;;;;;;;;;;;
300023403;NC;UMSO HIGH SCHOOL;PIXLEY-KA-SEME;;Formally Opened;Operational;;Public;Ordinary School;Secondary;Govt;;P3;;Kuyasa;Colesberg;9795;P.O. BOX 283;;Kuyasa;Colesberg;9795;051;7530658;078;7616272;;umsohighschool@gmail.com;-30.72528;25.11784;;;;;;410050;300;2023403;Umso High School;;;;;;;;;;;;;;
300024304;NC;VICTORA-WES GEKOMBINEERDE SKOOL;PIXLEY-KA-SEME;;Formally Opened;Operational;;Public;Ordinary School;Combined;Govt Education;;;;;VICTORIA-WES;7070;PO BOX 102;PO BOX;;VICTORIA-WES;7070;053;6210142;073;7337119;vicwesakademie@gmail.com;vicwesakademie@gmail.com;-31.40479;23.11654;;;;;;410520;410520;2024304;Victoria Wes Gekombineerde Skool;;;;;;;;;;;;;;
300024305;NC;IKHAYA PRIMARY SCHOOL;PIXLEY-KA-SEME;;Formally Opened;Operational;;Public;Ordinary School;Primary;Govt;;P3;;SABELO LOCATION;RICHMOND N/C;7090;PO BOX 25;PO BOX;SABELO LOCATION;RICHMOND N/C;7090;053;0501862;079;1503053;ikhayasp@gmail.com;ikhayaps@ncdoe.school.za;-31.422540;23.958422;;;;;;41008;970845;300024305;IKHAYA SENIOR PRIMARY SCHOOL;;;;;;;;;;;;;;
300022306;NC;SONSKYN INTERMEDIATE SCHOOL;PIXLEY-KA-SEME;;Formally Opened;Operational;;Public;Ordinary School;Intermediate;Govt Education;;P2;;;MARYDALE;8910;PO BOX 50;PO BOX;;MARYDALE;8910;084;7252382;083;3931956;issonskyn@gmail.com;rwjtitus@gmail.com;-29.40827;22.11222;;;;;;410340;300022;;;;;;;;;;;;;;;;
300024215;NC;PAMPOENPOORT PRIMÊRE SKOOL;PIXLEY-KA-SEME;;Formally Opened;Operational;;Public;Ordinary School;Primary;Farm;;P4;;;VICTORIA - WES;7070;PO BOX 242;PO BOX;;VICTORIA WES;7070;053;6211816;053;6210863;josephinechristians@gmail.com;pampoenpoortps@gmail.com;-31.0584;22.65599;;;;;;447234;447234;;;;;;;;;;;;;;;;
300024202;NC;CARNARVON PRIMARY SCHOOL;PIXLEY-KA-SEME;;Formally Opened;Operational;;Public;Ordinary School;Primary;Govt;;P4;;Riverside;CARNARVON;8925;PO BOX 227;PO BOX;;CARNARVON;8925;053;3823000;064;2605187;primarycarnarvon@gmail.com;pheiffervanessa657@gmail.com;-30.97095;22.13114;;;;;;4105070;0;;;;;;;;;;;;;;;;
300024302;NC;HOËRSKOOL CARNARVON;PIXLEY-KA-SEME;;Formally Opened;Operational;;Public;Ordinary School;Secondary;Govt;;;;;CARNARVON;8925;PO BOX 20;PO BOX;;CARNARVON;8925;053;3823061;076;7704015;hscarnarvon@gmail.com;admin@hsc.school.za;-30.9563;22.1227;;;;;;410550;999999;A2024401;Hoërskool Carnarvon;;;;;;;;;;;;;;
300100980;NC;MADUO INTERMEDIATE SCHOOL;JOHN TAOLO GAETSEWE;;Formally Opened;Operational;;Public;Ordinary School;Intermediate;Govt Education;;K6;;MOTHIBISTAD;MOTHIBISTAD;8474;PO BOX 585;PO BOX;MOTHIBISTADT;MOTHIBISTAD;8474;081;8184846;072;7200516;maduo@ncdoe.co.za;bgdditshebi@gmail.com;-26.706835;23.210861;;;;;;961317;961317;2100980;MADUO  INTERMEDIATE  SCHOOL;;;;;;;;;;;;;;
300024307;NC;VICTORIA-WES INTERMEDIÊRE SKOOL;PIXLEY-KA-SEME;;Formally Opened;Operational;;Public;Ordinary School;Secondary;Govt;;P4;;Victoria-Wes;Victoria-Wes;7070;PO BOX 163;PO BOX;Victoria-Wes;Victoria-Wes;7070;087;7005441;073;8331997;victoriaweshoer@gmail.com;fillisb@yahoo.com;-31.393769;23,119842;;;;;;443506;443506;300024307;VICTORIA-WES HOËRSKOOL;;;;;;;;;;;;;;
300044301;NC;HOËRSKOOL BERGVESTING;JOHN TAOLO GAETSEWE;;Formally Opened;Operational;;Independent;Ordinary School;Intermediate;Church;;;;kuruman;KURUMAN;8460;PO BOX 2786;PO BOX;PLAAS REQUEST;KURUMAN;8460;086;5892152;086;5892152;;akoortz@gmail.com;-27,457916;23,42438;;;;;;;;;;;;;;;;;;;;;;;
300024306;NC;VAN RENSBURG PRIMÊRE SKOOL;PIXLEY-KA-SEME;;Formally Opened;Operational;;Public;Ordinary School;Primary;Govt;;P4;;P.O.Box 57;Britstown;8782;PO BOX 57;PO BOX;P.O.Box 57;Britstown;8782;072;4906757;079;1821125;vanrensburgschool01@gmail.com;nylcharmaine23@gmail.com;-30.588834;23,498559;;;;;;400688;400688;;;;;;;;;;;;;;;;
300024209;NC;JOHN ROSSOUW PRIMÊRE SKOOL;PIXLEY-KA-SEME;;Formally Opened;Operational;;Public;Ordinary School;Primary;Govt;;P4;;;VICTORIA-WES;7070;PO BOX 56;PO BOX;VICTORIA-WES;VICTORIA-WES;7070;053;6210187;082;7365761;jrpsvwest@gmail.com;russelvanrooy@yahoo.co.uk;-31.39931;23.1218;;;;;;3440671;440671;;;;;;;;;;;;;;;;
300011208;NC;OLIERIVIER MARIANETTE PRIMÊRE SKOOL;PIXLEY-KA-SEME;;Formally Opened;Operational;;Public;Ordinary School;Primary;Farm;;P5;;PO.BOX 106;DOUGLAS;8730;PO BOX 106;PO BOX;POSBUS 106;DOUGLAS;8730;083;8782764;083;8782764;olierivierps@gmail.com;rwasokamg@gmail.com;-28.924811;23.977360;;;;;;225580;537009;;;;;;;;;;;;;;;;
300044221;NC;AGANG-THUTO PRIMARY SCHOOL;ZF MGCAWU;;Formally Opened;Operational;;Public;Ordinary School;Primary;Govt;;S5;;SKEIFONTEIN;POSTMASBURG;8420;PO BOX 562;PO BOX;SKEIFONTEIN;POSTMASBURG;8420;079;4079499;073;4103119;mossobakeng@gmail.com;agangthuto@gmail.com;-28.491713;23.145285;;;;;;448140;448140;;;;;;;;;;;;;;;;
300043201;NC;ALHEIT (NGK) PRIMÊRE SKOOL;ZF MGCAWU;;Formally Opened;Operational;;Public;Ordinary School;Primary;Church;;S4;;Alheit;Kakamas;8870;PO BOX 285;PO BOX;Alheit;Kakamas;8870;068;6552269;068;1753707;alheit.school@gmail.com;Annashorty23@gmail.com;-28.76038;20.53563;;;;;;376507;970641;;;;;;;;;;;;;;;;
300105057;NC;A B KOLWANE ;JOHN TAOLO GAETSEWE;;Formally Opened;Operational;;Public;Ordinary School;Primary;Govt;;;;KAGUNG VILLAGE;KURUMAN;8474;PO BOX 253;PO BOX;MOTHIBISTAD ;MOTHIBISTAD;8474;053;2850938;076;2470202;abkoloaneis@gmail.com;tdmhlungu20@gmail.com;-27.418854;23.568049;;;;;;0007/08280;300105;;;;;;;;;;;;;;;;
300043307;NC;MÔRESON INTERMEDIÊRE SKOOL;PIXLEY-KA-SEME;;Formally Opened;Operational;;Public;Ordinary School;Intermediate;Govt;;P2;;Niekerkshoop;Niekerkshoop;8930;PO BOX 49;PO BOX;Niekerkshoop;Niekerkshoop;8930;053;3540739;079;7992282;moreson.skool@yahoo.com;morolongemma@gmail.com;-29.327547;22.836072;;;;;;381100;300043;300043307;Môreson  Intermediate  School;;;;;;;;;;;;;;
300024303;NC;HOËRSKOOL RICHMOND;PIXLEY-KA-SEME;;Formally Opened;Operational;;Public;Ordinary School;Secondary;Govt;;P3;;Mark Street 1;Richmond Cape;7090;PO BOX 11;PO BOX;Orion Building;De Aar N/C;7000;053;6930073;071;1132078;richmondhgnc@gmail.com;richmondhighnc@gmail.com;-31.41872;23.94463;;;;;;410480;526115;300024303;RICHMOND HIGH SCHOOL;;;;;;;;;;;;;;
300025201;NC;DOUGLAS PRIMARY SCHOOL;PIXLEY-KA-SEME;;Formally Opened;Operational;;Public;Ordinary School;Primary;Govt Education;;P5;;BREIPAAL;DOUGLAS;8730;PO BOX 360;PO BOX;BREIPAAL;DOUGLAS;8730;053;2981625;073;0175188;douglaslaerskool@gmail.com;bernadinebostander2@gmail.com;-29.043640;23.758541;;;;;;972022;230103;;;;;;;;;;;;;;;;
300025301;NC;HOËRSKOOL RIVERSIDE;PIXLEY-KA-SEME;;Formally Opened;Operational;;Public;Ordinary School;Secondary;Govt;;P5;;Breipaal;Douglas;8730;PO BOX 624;PO BOX;Breipaal;Douglas;8730;053;2981671;082;6383432;riversideh5@gmail.com;;-29.04117;23.75912;;;;;;75307;970741;;;;;;;;;;;;;;;;
300043228;NC;AUGRABIES AKADEMIE ;ZF MGCAWU;;Formally Opened;Operational;;Independent;Ordinary School;Primary;Trust Land;;S4;;AUGRABIES;AUGRABIES;8874;PO BOX 206;PO BOX;AUGRABIES;AUGRABIES;8874;082;3828596;082;3828596;hannerig@gmail.com;hannerig@gmail.com;-28.670549;20.42952;;;;;;;;;;;;;;;;;;;;;;;
300043212;NC;AUGRABIES INTERMEDIATE SCHOOL;ZF MGCAWU;;Formally Opened;Operational;;Public;Ordinary School;Intermediate;Govt;;S4;;P.O. Box 2;Augrabies;8874;PO BOX 2;PO BOX;Augrabies;Augrabies;8874;054;0085005;082;4419844;augrabies.interskool@gmail.com;augrabies.interskool@gmail.com;-28.6656;20.42473;;;;;;361000;970000;300043212;Northern Cape Department of Education;;;;;;;;;;;;;;
300045208;NC;BLACK ROCK PRIMÊRE SKOOL;JOHN TAOLO GAETSEWE;;Formally Opened;Operational;;Public;Ordinary School;Primary;Mine;;;;BLACK ROCK;SANTOY;8491;PO BOX 101;PO BOX;SANTOY;NOORD-KAAP;8491;053;7511350;076;4645876;welma@laerskoolblackrock.co.za;blackrockps@ncdoe.school.za;-27.121768;22.832885;;;;;;361310;361310;2045208;Laerskool Black Rock;;;;;;;;;;;;;;
300044211;NC;LAERSKOOL POSTMASBURG;ZF MGCAWU;;Formally Opened;Operational;;Public;Ordinary School;Primary;Govt;;S5;;Postmasburg;Postmasburg;8420;PRIVATE BAG X146;PRIVATE BAG X;;Postmasburg;8420;053;3131212;083;4560220;lskpmg1@gmail.com;lynettestander@gmail.com;-28.335956;23.061616;;;;;;361440;970609;3031234;;;;;;;;;;;;;;;
300011224;NC;NEWPARK PRIMARY SCHOOL;FRANCES BAARD;;Formally Opened;Operational;;Independent;Ordinary School;Primary;Private;;;;Kimberley;Kimberley;8301;3-7 STEWART STREET 3-5;3-7 STEWART STREET;Kimberley;Kimberley;8301;072;3310671;082;4603742;principal@newparkprimary.co.za;;0;0;;;;;;;;2011224;NEWPARK PRIMARY SCHOOL;;;;;;;;;;;;;;
300100054;NC;BAITHAOPI PRIMARY SCHOOL;JOHN TAOLO GAETSEWE;;Formally Opened;Operational;;Public;Ordinary School;Primary;Govt;;K7;;DITHAKONG;MOTHIBISTAD;8474;PO BOX 325;PO BOX;DITHAKONG;KURUMAN;8604;079;2220945;082;4769494;baithaopiprimaryschool@gmail.com;baithaopiprimaryschool@gmail.com;-27.146247;23.898766;;;;;;7/961408;7/9614;;BAITHAOPI;;;;;;;;;;;;;;
300015402;NC;EMMANUEL SECONDARY SCHOOL;FRANCES BAARD;;Formally Opened;Operational;;Public;Ordinary School;Secondary;Govt Education;;F4;;Homevale Extension;Kimberley;8301;PO BOX 1929;PO BOX;Homevale;Kimberley;8301;053;8741828;079;3148323;emmanuelhs@ncdoe.school.za;emmanueljunior@telkomsa.net;-28.69599;24.73157;;;;;;0002/22542;970374;2015402;EMMANUEL HIGH SCHOOL;;;;;;;;;;;;;;
300012212;NC;PROGRESS PRIMARY SCHOOL;FRANCES BAARD;;Formally Opened;Operational;;Public;Ordinary School;Primary;Govt;;F5;;Colville;Kimberley;8301;ALFRED 0;ALFRED;Colville;Kimberley;8301;053;8711010;076;0407655;progressps@ncdoe.school.za;progressps@telkomsa.net;-28.71945;24.76181;;;;;;225190;970311;2012212;PROGRESS PRIMARY SCHOOL;;;;;;;;;;;;;;
300100134;NC;BOGOSIENG-LEKWE PRIMARY SCHOOL;JOHN TAOLO GAETSEWE;;Formally Opened;Operational;;Public;Ordinary School;Primary;Govt;;K7;;MOTHIBISTAD;KURUMAN;8474;PO BOX 563;PO BOX;MOTHIBISTAD;MOTHIBISTAD;8474;079;5836471;079;5836471;ibogosieng@gmail.com;rosslinengwanakhumo@gmail.com;-27.125;23.61471;;;;;;961262;961262;2100134;BOGOSIENG LEKWE PRIMARY;;;;;;;;;;;;;;
300100131;NC;BOGARE PRIMARY SCHOOL;JOHN TAOLO GAETSEWE;;Formally Opened;Operational;;Public;Ordinary School;Primary;Govt;;K8;;LOGAGANENG;KURUMAN;8460;PO BOX 467;PO BOX;MOTHIBISTAD ;KURUMAN;8474;076;4566847;076;4566847;bogareprimary@gmail.com;bogareps@ncdoe.school.gov;-27.34088;23.58314;;;;;;961316;961316;2100131;BOGARE PRIMARY SCHOOL;;;;;;;;;;;;;;
300100271;NC;DIBOTSWA SECONDARY SCHOOL;JOHN TAOLO GAETSEWE;;Formally Opened;Operational;;Public;Ordinary School;Secondary;Govt;;K7;;DITHAKONG;KURUMAN;8460;PO BOX 1816;PO BOX;KURUMAN;KURUMAN;8460;053;0502333;072;3362404;dibotswahighschool@gmail.com;dibotswahighschool@gmail.com;-27.08825;23.910167;;;;;;961384;961384;2100271;DIBOTSWA SECONDARY SCHOOL;;;;;;;;;;;;;;
300100037;NC;BA GA LOTLHARE INTERMEDIATE SCHOOL;JOHN TAOLO GAETSEWE;;Formally Opened;Operational;;Public;Ordinary School;Combined;Govt Education;;K6;;KURUMAN;HEUNAAR;8611;PO BOX 126;PO BOX;HEUNAAR;HEUNINGVLEI;8611;079;8405801;079;8405801;bagalotlhare@gmail.com;bagalotlhare@gmail.com;-26.29371;23.17278;;;;;;961413;961413;2100037;Ba Ga lotlhare;;;;;;;;;;;;;;
300104042;NC;BA-GA PHADIMA SECONDARY SCHOOL;JOHN TAOLO GAETSEWE;;Formally Opened;Operational;;Public;Ordinary School;Secondary;Govt;;K2;;GAMORONA VILLAGE;KURUMAN;8460;PO BOX 1365;PO BOX;KURUMAN;KURUMAN;8460;063;7055797;083;3625751;bagaphadima2023@gmail.com;bagaphadima2023@gmail.com;-26.74702;23.91252;;;;;;7962408;796;2104042;Ba-Ga Phadima;;;;;;;;;;;;;;
300100102;NC;BATSWELETSE PRIMARY SCHOOL ;JOHN TAOLO GAETSEWE;;Formally Opened;Operational;;Public;Ordinary School;Primary;Govt;;K5 ;;KURUMAN;KURUMAN;8460;PO BOX 2326;PO BOX;;KURUMAN;8460;082;5373842;082;5373842;batsweletseps@ncdoe.school.za;batsweletse@gmail.com;-26.898117;23.952867;;;;;;961383;961383;100102;BATSWELETSE PRIMARY SCHOOL;;;;;;;;;;;;;;
300013303;NC;KIMBERLEY ACADEMY;FRANCES BAARD;;Formally Opened;Operational;;Public;Ordinary School;Primary;Govt Education;;F4;;GALESHEWE;KIMBERLEY;8345;JONATHAN DIPHOKO 36;JONATHAN DIPHOKO;GALESHEWE;KIMBERLEY;8345;064;7073338;064;8668766;;;-28.107029           ;24.908624          ;;;;;;100;123456;;;;;;;;;;;;;;;;
300012402;NC;HOMEVALE HIGH SCHOOL;FRANCES BAARD;;Formally Opened;Operational;;Public;Ordinary School;Secondary;Govt;;F6;;Homevale Extension;Kimberley;8301;PO BOX 1544;PO BOX;Homevale Extension;Kimberley;8301;060;9800554;053;8741562;homevaless@ncdoe.school.za;raadtpk7@gmail.com;-28.695953;24.733302;;;;;;225400;970299;2012402;Homevale High School;;;;;;;;;;;;;;
300100159;NC;BOITSHIRELETSO PRIMARY SCHOOL;JOHN TAOLO GAETSEWE;;Formally Opened;Operational;;Public;Ordinary School;Primary;Govt;;K5;;Kuruman;Kuruman;8460;PO BOX 395;PO BOX;Mothibistad;Kuruman;8474;072;1047872;072;1047872;boitshireletsopp@ncdoe.school.za;boitshireletsoprimaryschool@gmail.com;-27.37024;23.71442;;;;;;961377;961377;2100159;Boitshireletso Primary School;;;;;;;;;;;;;;
300023203;NC;COLESBERG PUBLIC PRIMARY SCHOOL;PIXLEY-KA-SEME;;Formally Opened;Operational;;Public;Ordinary School;Primary;Govt;;;;KUYASA TOWNSHIP;COLESBERG;9795;PO BOX 116;PO BOX;KUYASA TOWNSHIP;COLESBERG;9795;051;7530672;083;4956274;colesbergpps@ncdoe.gov.za;colesberg.prim@gmail.com;-30.71958;25.11354;;;;;;410090;970794;300023203;Colesberg Public Primary School;;;;;;;;;;;;;;
300043202;NC;ASSUMPTA (RK) PRIMÊRE SKOOL;ZF MGCAWU;;Formally Opened;Operational;;Public;Ordinary School;Primary;Church;;;;Augrabies;Augrabies;8874;PO BOX 67;PO BOX;Augrabies;Augrabies;8874;054;4510176;082;0754826;assumpta58@yahoo.com;assumpta58@yahoo.com;-28.671159;20.423643;;;;;;376981;970643;300043202;;;;;;;;;;;;;;;
300100042;NC;BADIHILE PRIMARY SCHOOL;JOHN TAOLO GAETSEWE;;Formally Opened;Operational;;Public;Ordinary School;Primary;Govt;;K7;;KURUMAN ;KURUMAN;8460;PO BOX 826;PO BOX;MOTHIBISTAD ;KURUMAN ;8474;082;8898747;082;8898747;badihileprimary@gmail.com;gumbukukie@gmail.com;-27.330664;23.438177;;;;;;961313;961313;300100042;Badihile Primary School ;;;;;;;;;;;;;;
300043402;NC;HOËRSKOOL GROBLERSHOOP;ZF MGCAWU;;Formally Opened;Operational;;Public;Ordinary School;Secondary;Govt;;S3;;;GROBLERSHOOP;8850;PO BOX 160;PO BOX;GROBLERSHOOP;GROBLERSHOOP;8850;054;8330152;084;2932011;groblershoop@gmail.com;charlestanga7@gmail.com;-28.89558;21.98816;;;;;;361570;361570;2043402;Groblershoop High School;;;;;;;;;;;;;;
300100081;NC;BAREKI PRIMARY SCHOOL;JOHN TAOLO GAETSEWE;;Formally Opened;Operational;;Public;Ordinary School;Primary;Govt Education;;K6;;GATA-LWA-TLOU;KURUMAN;8625;PO BOX 200;PO BOX;GATA-LWA-TLOU;KURUMAN;8625;072;9009889;072;3501094;barekiprima@gmail.com;barekiprima@gmail.com;-26.436467;23.097617;;;;;;961341;961341;2100081;BAREKI PRIMARY SCHOOL;;;;;;;;;;;;;;
300100403;NC;GAMOCHWAEDI PRIMARY SCHOOL;JOHN TAOLO GAETSEWE;;Formally Opened;Operational;;Public;Ordinary School;Primary;Govt;;K5;;KURUMAN;KURUMAN;8460;PO BOX 581;PO BOX;KURUMAN;KURUMAN;8460;079;3206010;076;8367593;olynbackz@gmail.com;gamochwaedips@gmail.com;-26.894584;23.509117;;;;;;962251;962251;300100403;GAMOCHWAEDI;;;;;;;;;;;;;;
300013202;NC;BARKLY WEST HIGHER PRIMARY SCHOOL;FRANCES BAARD;;Formally Opened;Operational;;Public;Ordinary School;Primary;Govt;;F3;;Rooirand Location;Barkly West;8375;PO BOX 6;PO BOX;Rooirand Location;Barkly West;8375;072;3425882;072;3425882;barklywesthps@ncdoe.school.za;barklywesthps@gmail.com;-28.53502;24.50072;;;;;;74366;970329;;;;;;;;;;;;;;;;
300033401;NC;HANTAM SEKONDERE SKOOL ;NAMAKWA;;Formally Opened;Operational;;Public;Ordinary School;Secondary;Govt;;Hantam;;Calvinia West;Calvinia;8190;PO BOX 169;PO BOX;Calvinia West;Calvinia;8190;027;3411295;079;2575579;hantamhigh@gmail.com;hantamhigh@gmail.com;-31.46416;19.759684;;;;;;343323;970967;2033401;Hantam High;;;;;;;;;;;;;;
300100363;NC; ETHEL PRIMARY SCHOOL;JOHN TAOLO GAETSEWE;;Formally Opened;Operational;;Public;Ordinary School;Primary;Govt;;K5;;KURUMAN;Mothibistad;8474;PRIVATE BAG X1532;PRIVATE BAG X;KURUMAN;Kuruman;8460;082;0573896;082;0573896;etthelps@ncdoe.school.za;ethelprimary2020@gmail.com;-26.56605;22.907683333;;;;;;961336;961336;2100363;Ethel Primary School;;;;;;;;;;;;;;
300042301;NC;BLAAUWSKOP (RC) INTERMEDIATE SCHOOL;ZF MGCAWU;;Formally Opened;Operational;;Public;Ordinary School;Intermediate;Church;;S2;;BLAAUWSKOP;KANONEILAND;8806;PO BOX 34;PO BOX;BLAAUWSKOP;KANONEILAND;8806;066;0923328;079;5175017;blaauwskopsi@gmail.com;mseptember27@gmail.com;-28.65146;21.1048;;;;;;376620;970656;;;;;;;;;;;;;;;;
300100095;NC;BATLHARO TLHAPING SECONDARY SCHOOL;JOHN TAOLO GAETSEWE;;Formally Opened;Operational;;Public;Ordinary School;Secondary;Govt;;;;MOTHIBISTAD;MOTHIBISTAD;8474;PRIVATE BAG X150;PRIVATE BAG X;MOTHIBISTAD;MOTHIBISTAD;8474;053;2850990;073;9175797;batlharotlhapingsecondary@gmail.com;onewngkg@gmail.com;-27.39454;23.49055;;;;;;961318;961318;2100095;Batlharo Tlhaping;;;;;;;;;;;;;;
300042201;NC;BLOEMSMOND PRIMÊRE SKOOL;ZF MGCAWU;;Formally Opened;Operational;;Public;Ordinary School;Primary;Trust Land;;S2;;BLOEMSMOND;KANONEILAND;8806;PO BOX 102;PO BOX;BLOEMSMOND;KANONEILAND;8806;071;9337781;076;7644593;belindavanneel@gmail.com;bloemsmondps@gmail.com;-28.63102;21.07938;;;;;;376191;970631;;;;;;;;;;;;;;;;
300100166;NC;BOJELAKGOMO PRIMARY SCHOOL;JOHN TAOLO GAETSEWE;;Formally Opened;Operational;;Public;Ordinary School;Primary;Govt Education;;;;KURUMAN;KURUMAN;8460;PRIVATE BAG X1514;PRIVATE BAG X;KURUMAN;KURUMAN;8460;066;5894560;076;9707951;bojelakgomoprimarys@gmail.com;dt.setlholoeng@gmail.com;-26.726559;23.164182;;;;;;962281;962281;2100166;Bojelakgomo Primary School;;;;;;;;;;;;;;
300015404;NC;PESCODIA HIGH  SCHOOL;FRANCES BAARD;;Formally Opened;Operational;;Public;Ordinary School;Secondary;Govt;;F3;;Pescodia;Kimberley;8301;ALBATROSS 53;ALBATROSS;Pescodia;Kimberley;8301;053;8731511;060;5199485;pescodiahigh53@gmail.com;hbphillies@gmail.com;-28.6674;24.72591;;;;;;225410;970376;2015404;Pescodia High School;;;;;;;;;;;;;;
300015406;NC;DR. E P LEKHELA HIGH SCHOOL;FRANCES BAARD;;Formally Opened;Operational;;Public;Ordinary School;Secondary;Govt;;F4;;Retswelele;Kimberley;8345;PO BOX 9084;PO BOX;Mankurwane;Kimberley;8345;;;;;;abigailmohapanele63@gmail.com;-28.7125;24.70883;;;;;;74374;6750;2015406;Dr E P Lekhela High School;;;;;;;;;;;;;;
300100208;NC;BOTHETHELETSA PRIMARY SCHOOL;JOHN TAOLO GAETSEWE;;Formally Opened;Operational;;Public;Ordinary School;Primary;Govt Education;;K2;;KURUMAN;KURUMAN;8460;PO BOX 488;PO BOX;MOTHIBISTAD;MOTHIBISTAD;8474;082;3665576;076;7034018;bothetheletsaps@ncdoe.school.za;bothetheletsaprimary@gmail.com;-27.417383;23.811;;;;;;962262;962262;2100208;Bothetheletsa Primary School;;;;;;;;;;;;;;
300100557;NC;BOTHITHONG SECONDARY SCHOOL;JOHN TAOLO GAETSEWE;;Formally Opened;Operational;;Public;Ordinary School;Secondary;Govt Other;;K5;;BOTHITHONG;KURUMAN;8582;PO BOX 58;PO BOX;MOTHIBISTAD;KURUMAN;8474;083;7499252;071;3284525;bothithongss@ncdoe.school.za;bothithongsec@gmail.com;-27.052072;23.819603;;;;;;961407;961407;2100557;BOTHITHONG HIGH SCHOOL;;;;;;;;;;;;;;
300100201;NC;BOSHENG INTERMEDIATE SCHOOL;JOHN TAOLO GAETSEWE;;Formally Opened;Operational;;Public;Ordinary School;Intermediate;Govt;;K6;;LOOPENG  VILLAGE;KURUMAN;8460;PRIVATE BAG X141;PRIVATE BAG X;MOTHIBISTAD;KURUMAN;8474;076;2333919;082;2367767;boshengis@gmail.com;boshengis@gmail.com;-26.78966;23.34712;;;;;;961278;961278;2100201;BOSHENG INTERMEDIATE SCHOOL;;;;;;;;;;;;;;
300031201;NC;BULLETRAP  LAERSKOOL;NAMAKWA;;Formally Opened;Operational;;Public;Ordinary School;Primary;Church;;;;BULLETRAP;BULLETRAP;8260;PO BOX 711;PO BOX;SPRINGBOK;SPRINGBOK;8240;072;5055965;072;9974246;bulletrapl@ncdoe.school.za;bulletrapps@gmail.com;-29.45816;17.76559;;;;;;346829;312010;;;;;;;;;;;;;;;;
300032201;NC;BUFFELSRIVIER VGK PRIMÊRE SKOOL;NAMAKWA;;Formally Opened;Operational;;Public;Ordinary School;Primary;Church;;2;;BUFFELSRIVIER;BUFFELSRIVIER;8251;PRIVATE BAG X50;PRIVATE BAG X;BUFFELSRIVIER;BUFFELSRIVIER;8251;071;2602734;066;4756641;admin@buffelsrivier.com;buffelsrivierl@ncdoe.school.za;-29.70581;17.6051;;;;;;346950;504839;;;;;;;;;;;;;;;;
300044201;NC; ASMANDIA PRIMARY SCHOOL;ZF MGCAWU;;Formally Opened;Operational;;Public;Ordinary School;Primary;Govt;;S5;;Postdene;POSTMASBURG;8420;PO BOX 816;PO BOX;Postdene;POSTMASBURG;8420;053;3131636;082;8254646;asmandiaps@gmail.com;gordon.nero2017@gmail.com;28.302646;23.08624;;;;;;4381070;970599;;Asmandia Primary School;;;;;;;;;;;;;;
300044401;NC;BLINKKLIP SEKONDÊRE SKOOL;ZF MGCAWU;;Formally Opened;Operational;;Public;Ordinary School;Secondary;Govt Education;;S5;;POSTDENE;POSTMASBURG;8420;PRIVATE BAG X3062;PRIVATE BAG X;POSTDENE;POSTMASBURG;8420;053;3131462;082;8208075;;principalblinkklip@gmail.com;-28.29535;23.0892;;;;;;381080;381080;2044401;Hoërskool Blinkklip;;;;;;;;;;;;;;
300100200;NC;BOSELE INTERMEDIATE SCHOOL;JOHN TAOLO GAETSEWE;;Formally Opened;Operational;;Public;Ordinary School;Intermediate;Govt;;K2;;;MOTHIBISTAD;8474;PRIVATE BAG X109;PRIVATE BAG X;MANYEDING VILLAGE;MOTHIBISTAD;8474;062;0052866;073;0671426;Boseleis6@gmail.com;Boseleis6@gmail.com;-27.490617;23.680267;;;;;;961269;961269;;Bosele Intermediate School;;;;;;;;;;;;;;
300042305;NC;KEIMOES (RK) INTERMEDIATE SCHOOL;ZF MGCAWU;;Formally Opened;Operational;;Public;Ordinary School;Intermediate;Church;;S2;;KEIMOES;KEIMOES;8860;PRIVATE BAG X9;PRIVATE BAG X;KEIMOES;KEIMOES;8860;054;4611308;082;7714323;keimoesrk@gmail.com;keimoesrk@gmail.com;-28.710470;20.988925;;;;;;376310;970658;;;;;;;;;;;;;;;;
300034201;NC;CAROLUSBERG LAERSKOOL;NAMAKWA;;Formally Opened;Operational;;Public;Ordinary School;Primary;Govt;;;;Carolusberg;Springbok;8240;PO BOX 290;PO BOX;Carolusberg ;Springbok;8240;027;7525848;027;7525848;carolusbergl@ncdoe.school.za;;-29.63228;17.95134;;;;;;340278;300034;;;;;;;;;;;;;;;;
300100230;NC;CARDINGTON PRIMARY SCHOOL;JOHN TAOLO GAETSEWE;;Formally Opened;Operational;;Public;Ordinary School;Primary;Govt Education;;K7;;KURUMAN;KURUMAN;8460;P O BOX 670;;KURUMAN;KURUMAN;8460;082;2805881;082;3444859;agimooketsi@gmail.com;cardingtonprimaryschool@gmail.com;-27.224266;23.512225;;;;;;961255;961255;2100230;CARDINGTON PRIMARY;;;;;;;;;;;;;;
300021204;NC;LAERSKOOL KAREEVILLE;PIXLEY-KA-SEME;;Formally Opened;Operational;;Public;Ordinary School;Primary;Govt Education;;P1;;Kareeville;De Aar;7000;PO BOX 706;PO BOX;Kareeville;De Aar;7000;053;6310638;079;8527935;dkarelse51@gmail.com;kareevilleps@ncdoe.school.za;-30.647508;24.033609;;;;;;400726;970747;300021204;LAERSKOOL KAREEVILLE;;;;;;;;;;;;;;
300042223;NC;CORNELIUS JANSEN PRIMÊRE SKOOL;ZF MGCAWU;;Formally Opened;Operational;;Public;Ordinary School;Primary;Private;;S3;;Upington;UPINGTON;8800;PO BOX 929;PO BOX;Upington;UPINGTON;8800;079;1880717;079;1880717;cjansenps@gmail.com;vanedenpiet1964@gmail.com;-28.419245;21,356431;;;;;;4376221;4034;;;;;;;;;;;;;;;;
300013201;NC;BARKLY WES PRIMÊRE SKOOL;FRANCES BAARD;;Formally Opened;Operational;;Public;Ordinary School;Primary;Govt;;F2;;De Beershoogte;Barkly West;8375;PO BOX 596;PO BOX;De Beershoogte;Barkly West;8375;053;5311144;072;5431401;barklywesps@ncdoe.school.za;barklywesprimer@yahoo.com;-28.52358;24.50931;;;;;;225120;970349;;Barkly West Primary;;;;;;;;;;;;;;
300100246;NC;COLSTON INTERMEDIATE SCHOOL     ;JOHN TAOLO GAETSEWE;;Formally Opened;Operational;;Public;Ordinary School;Intermediate;Govt Education;;K2;;MOTHIBISTAD;KURUMAN;8474;PO BOX 574;PO BOX;MOTHIBISTAD;KURUMAN;8474;076;3364541;076;3364541;colstonis@ncdoe.school.za;thandiwemorake@gmail.com;-27.261117;23.8436;;;;;;962257;962257;2100246;COLSTON INTERMEDIATE SCHOOL;;;;;;;;;;;;;;
300045301;NC;DANIËLSKUIL INTERMEDIATE SCHOOL;ZF MGCAWU;;Formally Opened;Operational;;Public;Ordinary School;Intermediate;Govt;;5;;TLHAKALATLOU;DANIELSKUIL;8405;PO BOX 57;PO BOX;DANIELSKUIL;DANIELSKUIL;8405;053;3841077;053;3841077;danielskuilintermediate@gmail.com;danielskuilintermediate@gmail.com;-28.19641;23.55568;;;;;;361180;970673;;;;;;;;;;;;;;;;
300014406;NC;DEGANIA HIGH SCHOOL;FRANCES BAARD;;Formally Opened;Operational;;Independent;Ordinary School;Secondary;Farm;;F1;;Magogong;Hartswater;8570;PO BOX 2578;PO BOX;Hartswater;Hartswater;8570;072;8298506;072;8298506;deganiapvthighschool@gmail.com;;-27,75572;24,80821;;;;;;;541890;2014406;DEGANIA HIGH SCHOOL;;;;;;;;;;;;;;
300045302;NC;DANIËLSKUIL COMBINED SCHOOL;ZF MGCAWU;;Formally Opened;Operational;;Public;Ordinary School;Combined;Govt Education;;S5;;Daniëlskuil;Daniëlskuil;8405;PO BOX 19;PO BOX;Danielskuil;DANIELSKUIL;8405;053;0040233;082;5086740;highschooldanielskuil@gmail.com;ncdevajee@gmail.com;-28.18057;23.54625;;;;;;361700;970672;2045302;Hoërskool Daniëlskuil;;;;;;;;;;;;;;
300044403;NC;POSTMASBURG HIGH SCHOOL;ZF MGCAWU;;Formally Opened;Operational;;Public;Ordinary School;Secondary;Govt;;Postmasburg;;Postmasburg;POSTMASBURG;8420;PO BOX 26;PO BOX;Postmasburg;POSTMASBURG;8420;053;3130646;082;7185375;skoolhoof@pmghs.co.za;kantoor@pmghs.co.za;-28.33792;23.06241;;;;;;0004/36165;970664;A2044403;Hoërskool Postmasburg High School;;;;;;;;;;;;;;
300043301;NC;BRANDBOOM INTERMEDIATE SCHOOL;ZF MGCAWU;;Formally Opened;Operational;;Public;Ordinary School;Intermediate;Govt;;S3;;BOEGOEBERG;BOEGOEBERG;8943;PO BOX 154;PO BOX;GROBLERSHOOP;GROBLERSHOOP;8850;054;8610035;076;3342064;brandboom90@gmail.com;brandboom90@gmail.com;-28.92698;22.12662;;;;;;370185;200174;;;;;;;;;;;;;;;;
300014303;NC;RIETVALE HIGH SCHOOL;FRANCES BAARD;;Formally Opened;Operational;;Public;Ordinary School;Secondary;Govt;;F2;;Rietvale;Ritchie;8701;PO BOX 110539;PO BOX;Hadison Park;Kimberley;8306;053;0501105;066;3424031;rietvalehigh@gmail.com;abolokano1@gmail.com;-29.03569;24.58589;;;;;;225440;300014;2014303;RIETVALE HIGH SCHOOL;;;;;;;;;;;;;;
300021304;NC;PETRUSVILLE LAERSKOOL;PIXLEY-KA-SEME;;Formally Opened;Operational;;Public;Ordinary School;Primary;Govt;;P1;;Uitsig;Petrusville;8770;PO BOX 101;PO BOX;Uitsig;Petrusville;8770;053;0505982;078;1791228;petrusvillle.laerskool@gmail.com;petrusville.laerskool@gmail.com;-30.080145;24,669537;;;;;;400645;970740;300021304;PETRUSVILLE LAERSKOOL;;;;;;;;;;;;;;
300031203;NC;DRYFSAND PRIMÊRE SKOOL;NAMAKWA;;Formally Opened;Operational;;Public;Ordinary School;Primary;Church;;N1;;DRYFSAND;ALEXANDERBAY;8290;PO BOX 420;PO BOX;DRYFSAND;ALEXANDERBAY;8290;062;1331097;082;5166122;dryfsandlaerskool1@gmail.com;mhklim1978@gmail.com;-28.41809;16.77561;;;;;;302030;971027;;;;;;;;;;;;;;;;
300043401;NC;CARLTON VAN HEERDEN SEKONDÊRE SKOOL;ZF MGCAWU;;Formally Opened;Operational;;Public;Ordinary School;Secondary;Govt;;S1;;RAINBOW;UPINGTON;8800;PO BOX 157;PO BOX;RAINBOW;UPINGTON;8800;054;0501214;078;5234425;angusjulie23@gmail.com;sylwal7210@gmail.com;-28.46135;21.2166;;;;;;373311;970547;2043401;Hoerskool Carlton-van Heerden;;;;;;;;;;;;;;
300044202;NC;ASSMANG PRIMÊRE SKOOL;ZF MGCAWU;;Formally Opened;Operational;;Public;Ordinary School;Primary;Govt;;S5;;NEWTOWN;POSTMASBURG;8420;PO BOX 1461;PO BOX;NEWTOWN;POSTMASBURG;8420;079;3297608;060;6147818;laerskool.assmang@gmail.com;gurshenoliphant@gmail.com;-28.318398;23.056948;;;;;;381140;970621;;Assmang;;;;;;;;;;;;;;
300033203;NC;DIEPDRIFT PRIMÊRE SKOOL;NAMAKWA;;Formally Opened;Operational;;Public;Ordinary School;Primary;Farm;;;;Calvinia;CALVINIA;8190;PO BOX 97;PO BOX;DIEPDRIFT;CALVINIA;8190;073;5094245;078;7343455;diepdriftprimary@hgmail.com;diepdriftl@ncdoe.school.za;-31.56538;20.2869;;;;;;346055;970982;;;;;;;;;;;;;;;;
300042218;NC;SWARTHMORE (DRC) PRIMARY SCHOOL;ZF MGCAWU;;Formally Opened;Operational;;Public;Ordinary School;Primary;Church;;S2;;LESEDING;UPINGTON;8800;PO BOX 363;PO BOX;UPINGTON;UPINGTON;8800;054;3313043;072;3425287;sharonvwyk306@gmail.com;isaacse894@gmail.com;-28.5151;21,20494;;;;;;376175;970563;;;;;;;;;;;;;;;;
300013211;NC;NEWTON PRIMÊRE SKOOL;FRANCES BAARD;;Formally Opened;Operational;;Public;Ordinary School;Primary;Govt;;F4;;New Park;Kimberley;8301;PO BOX 110231;PO BOX;Hadison Park;Kimberley;8306;053;8311705;053;8311705;admin@laerskoolnewton.co.za;finansies@laerskoolnewton.co.za;-28.747076;24.751014;;;;;;209236;209236;2013211;NEWTON PRIMARY SCHOOL;;;;;;;;;;;;;;
300100316;NC;DITSHIPENG INTERMEDIATE SCHOOL;JOHN TAOLO GAETSEWE;;Formally Opened;Operational;;Public;Ordinary School;Intermediate;Govt;;K2;;KURUMAN;MOTHIBISTAD;8474;PO BOX 358;PO BOX;KURUMAN;MOTHIBISTAD;8474;066;2588428;072;2914554;ditshipengis@gmail.com;ditshipengis@gmail.com;-26.962583;23.813683;;;;;;100316;100316;2100316;DITSHIPENG INTERMEDIATE;;;;;;;;;;;;;;
300012217;NC;TAUDIARORA PRIMARY SCHOOL;FRANCES BAARD;;Formally Opened;Operational;;Public;Ordinary School;Primary;Farm;;F7;;Proef Plaas;Jankempdorp;8550;PRIVATE BAG XX9;PRIVATE BAG X;Research Station;Jankempdorp;8550;053;2440853;073;8202558;tpmokwa850@gmail.com;taudiaroraps@gmail.com;-27.94514;24.83227;;;;;;75331;970317;2012217;TAUDIARORA PRIMARY SCHOOL;;;;;;;;;;;;;;
300041206;NC;KEIDEBEES INTERMEDIÊRE SKOOL;ZF MGCAWU;;Formally Opened;Operational;;Public;Ordinary School;Intermediate;Govt;;S1;;Progress;Upington;8801;PO BOX 350;PO BOX;Progress;Upington;8800;054;3391913;082;7599433;KeidebeesIS@gmail.com;petroderrick@gmail.com;-28.46007;21.21889;;;;;;004/370118;970579;300041206;Keidebees Intermediate School;;;;;;;;;;;;;;
300017201;NC;ER. MOCWALEDI INTERMEDIATE SCHOOL;FRANCES BAARD;;Formally Opened;Operational;;Public;Ordinary School;Intermediate;Govt;;F2;;Hartswater;Hartswater;8570;PO BOX 557;PO BOX;Hartswater;Hartswater;8570;081;4624788;063;1013296;ermocwalediis@ncdoe.school.za;gazamosala@gmail.com;-27.79099;24.71604;;;;;;225650;970446;300017201;ER. MOCWALEDI INTERMEDIATE SCHOOL;;;;;;;;;;;;;;
300041202;NC;FRANCISCUS INTERMEDIATE SCHOOL;ZF MGCAWU;;Formally Opened;Operational;;Public;Ordinary School;Intermediate;Govt;;S4;;;Upington;8801;PO BOX 214;PO BOX;UPINGTON;Upington;8801;054;3390555;078;7041888;franciscussi@telkomsa.net;jibaljacobs@yahoo.com;-28.46072;21.22896;;;;;;370045;970576;;;;;;;;;;;;;;;;
300100337;NC;DUTTON PRIMARY SCHOOL;JOHN TAOLO GAETSEWE;;Formally Opened;Operational;;Public;Ordinary School;Primary;Govt;;K8;;KURUMAN;KURUMAN;8460;PO BOX 1232;PO BOX;KURMAN;KURUMAN;8460;079;3898038;079;3898038;duttonps@ncdoe.school.za;syliviapoeletso06@gmail.com;-26.5331;22,98507;;;;;;24096385;240963;;DUTTON PRIMARY SCHOOL;;;;;;;;;;;;;;
300012401;NC;HOËRSKOOL  ADAMANTIA;FRANCES BAARD;;Formally Opened;Operational;;Public;Ordinary School;Secondary;Govt;;F5;;Newpark;Kimberley;8301;PO BOX 110595;PO BOX;Hadisonpark;Kimberley;8306;053;8333558;082;3368959;skoolhoof@addies.co.za;ontvangs@addies.co.za;-28.7474;24.759;;;;;;16217;111111;2012401;Adamantia;;;;;;;;;;;;;;
300015204;NC;ENDEAVOUR PRIMARY SCHOOL;FRANCES BAARD;;Formally Opened;Operational;;Public;Ordinary School;Primary;Govt;;F7;;Florianville;Kimberley;8301;DEODAR ROAD 01;DEODAR ROAD;Florianville;Kimberley;8301;053;8743492;084;4748898;endeavourprimary@ncdoe.school.za;endeavourps@gmail.com;-28.71818;24.76394;;;;;;225130;546483;2015204;ENDEAVOUR PRIMARY SCHOOL;;;;;;;;;;;;;;
300010706;NC;ELIZABETH CONRADIE SKOOL;FRANCES BAARD;;Formally Opened;Operational;;Public;Special Needs Education;Combined;Govt;;F6;;South Ridge;Kimberley;8301;PRIVATE BAG XX5061;PRIVATE BAG X;Kimberley;Kimberley;8300;053;8324354;084;4004794;elizabethconradiekby@gmail.com;friendsofelcon4@gmail.com;-28.7683                 ;24.7525                  ;;;;;;215600;215600;2010706;ELCON;;;;;;;;;;;;;;Comprehensive
300044204;NC;FINSCH (SSKV) PRIMARY SCHOOL;ZF MGCAWU;;Formally Opened;Operational;;Public;Ordinary School;Primary;Mine;;S5;;NORFIN VILLAGE;LIME ACRES;8410;PO BOX 775;PO BOX;NORFIN VILLAGE;LIME ACRES;8410;053;3850179;083;3039080;finsch.primary@gmail.com;;-28.37092;23.46847;;;;;;381150;970603;;;;;;;;;;;;;;;;
300032301;NC;DR IZAK VAN NIEKERK PRIMÊRE SKOOL;NAMAKWA;;Formally Opened;Operational;;Public;Ordinary School;Primary;Govt;;;;BERGSIG;SPRINGBOK;8240;PO BOX 348;PO BOX;BERGSIG;SPRINGBOK;8240;027;7121230;083;3593951;izakie1@lantic.net;namexams@gmail.com;-29.6491;17.87554;;;;;;340103;970953;2038811;BERGSIG ABET PALC;;;;;;;;;;;;;;
300017301;NC;EENDRAG (CVO) INTERMEDIÊRE SKOOL;FRANCES BAARD;;Formally Opened;Operational;;Independent;Ordinary School;Combined;Govt Other;;F6;;Jan Kempdorp;JAN KEMPDORP;8550;PO BOX 849;PO BOX;Jan Kempdorp;JAN KEMPDORP;8550;067;4000757;082;3783431;cvoeendrag01@gmail.com;;-27,9173;24,8538;;;;;;;;2017301;CVO EENDRAG;;;;;;;;;;;;;;
300031204;NC;ELIZABETH WIMMER PRIMÊRE SKOOL;NAMAKWA;;Formally Opened;Operational;;Public;Ordinary School;Primary;Church;;;;Lekkersing;Lekkersing;8283;PO BOX 8;PO BOX;Lekkersing;Lekkersing;8283;087;0950994;079;9188106;elizabeth.wimmer13@gmail.com;randycloete16@gmail.com;-29.00211;17.10155;;;;;;346780;543649;;;;;;;;;;;;;;;;
300011204;NC;ISAGO PRIMARY SCHOOL;FRANCES BAARD;;Formally Opened;Operational;;Public;Ordinary School;Primary;Govt;;F5;;Mankurwane;Kimberley;8345;PO BOX 8037;PO BOX;Galeshewe;Kimberley;8335;053;8711087;082;5610442;isago.ps@gmail.com;cliffordlouw@gmail.com;-28.7158;24.7247;;;;;;74441;970265;2011204;ISAGO PRIMARY SCHOOL;;;;;;;;;;;;;;
300017306;NC;BANKSDRIFT SECONDARY SCHOOL;FRANCES BAARD;;Formally Opened;Operational;;Public;Ordinary School;Secondary;Govt;;F4;;Hartswater;Hartswater;8570;PO BOX 845;PO BOX;Hartswater;Hartswater;8570;076;2686035;076;7976286;banksdrifths@ncdoe.school.a;banksdrifthigh@gmail.com;-27.71937;24.80923;;;;;;75306;970427;2017306;BANKSDRIFT HIGH SCHOOL;;;;;;;;;;;;;;
300013210;NC;MOSALAKAE PUBLIC PRIMARY SCHOOL;FRANCES BAARD;;Formally Opened;Operational;;Public;Ordinary School;Primary;Govt;;F3;;Mataleng Location;Barkly West;8375;PO BOX 270;PO BOX;Mataleng Location;Barkly West;8375;053;1100425;073;2812031;mosalakaepubschool2018@gmail.com;masalakaepubschool2018@gmail.com;-28.53502;24.50072;;;;;;74369;970337;2013210;MOSALAKAE PUBLIC PRIMARY SCHOOL;;;;;;;;;;;;;;
300016402;NC;TETLANYO SECONDARY SCHOOL;FRANCES BAARD;;Formally Opened;Operational;;Public;Ordinary School;Secondary;Govt;;F7;;Vergenoeg;Kimberley;8345;PO BOX 8106;PO BOX;Galeshewe;Kimberley;8335;053;8715393;067;0959354;tetlanyoss@ncdoe.school.za;olehileh@gmail.com;-28.71005;24.72528;;;;;;74447;980735;2016402;TETLANYO HIGH SCHOOL;;;;;;;;;;;;;;
300042401;NC;HOËRSKOOL ORANJEZICHT;ZF MGCAWU;;Formally Opened;Operational;;Public;Ordinary School;Secondary;Govt;;S2;;Akasiapark;KEIMOES;8860;PO BOX 188;PO BOX;Acacia Park;Keimoes;8860;054;4611304;083;2956256;oranjezichths@gmail.com;estellebeukes02@gmail.com;-28.69701;20.96101;;;;;;373338;970591;300042401;ORANJEZICHT HIGH SCHOOL;;;;;;;;;;;;;;
300034206;NC;HOËRSKOOL AGGENEYS;NAMAKWA;;Formally Opened;Operational;;Public;Ordinary School;Secondary;Mine;;N2;;SOUTH VILLAGE;AGGENEYS;8893;PO BOX 88;PO BOX;SOUTH VILLAGE;AGGENEYS;8893;054;9832371;054;9832371;aggeneyshigh@gmail.com;aggeneyshigh@gmail.com;-29.253641;18.840032;;;;;;347582;971016;2034206;HS AGGENEYS;;;;;;;;;;;;;;
300033206;NC;HANTAM PRIMÊRE SKOOL ;NAMAKWA;;Formally Opened;Operational;;Public;Ordinary School;Primary;Govt;;N4;;Calvinia;Calvinia;8190;PO BOX 161;PO BOX;Calvinia;Calvinia;8190;027;3411212;083;2296369;principal.hps@hantam.co.za;sekkiehps@hantam.co.za;-31.464903;19.767598;;;;;;347396;123456;;;;;;;;;;;;;;;;
300033402;NC;HOËRSKOOL CALVINIA ;NAMAKWA;;Formally Opened;Operational;;Public;Ordinary School;Secondary;Govt;;;;;CALVINIA;8190;PO BOX 41;PO BOX;;CALVINIA;8190;027;3411242;072;3006122;hoof@calvies.co.za;admin@calvies.co.za;-31.462060;19.779058;;;;;;302020;0;2033402;Hoerskool Calvinia;;;;;;;;;;;;;;
300100778;NC;KUDUMANE PRIMARY SCHOOL;JOHN TAOLO GAETSEWE;;Formally Opened;Operational;;Public;Ordinary School;Primary;Govt;; K8;;MOTHIBISTAD;SEODING VILLAGE;8474;PO BOX 199;PO BOX;MOTHIBISTAD;MOTHIBISTAD;8474;053;7737932;083;2796326;kudumanep@gmail.com;kudumanep@gmail.com;-27.395021,;23.433059;;;;;;962264;962264;2100778;Kudumane Primary School;;;;;;;;;;;;;;
300011501;NC;HOER TEGNIESE SKOOL KIMBERLEY ;FRANCES BAARD;;Formally Opened;Operational;;Public;Ordinary School;Secondary;Govt;;F1;;Hadison Park;Kimberley;8306;PRIVATE BAG X6003;PRIVATE BAG X;Hadison Park;Kimberley;8306;053;8613917;082;4920780;;htshoof@telkomsa.net;-28.753514;24.746057;;;;;;203200;203200;2011501;HTS KIMBERLEY THS;;;;;;;;;;;;;;Technical
300031302;NC;HOËRSKOOL NABABEEP;NAMAKWA;;Formally Opened;Operational;;Public;Ordinary School;Secondary;Govt;;N2;;NABABEEP;NABABEEP;8265;PO BOX 24;PO BOX;NABABEEP;NABABEEP;8265;027;7138271;000;0000000;nababeephs@gmail.com;letitiasakoor@gmail.com;-29.595011;17.783920;;;;;;312231;504684;2031302;HSNABABEEP;;;;;;;;;;;;;;
300042303;NC;KEIMOES GEKOMBINEERDE SKOOL;ZF MGCAWU;;Formally Opened;Operational;;Public;Ordinary School;Combined;Govt;;S2;;KEIMOES;KEIMOES;8860;UPINGTONWEG 1;UPINGTONWEG;KEIMOES;KEIMOES;8860;054;4611207;066;5178982;HSKeimoes@gmail.com;hskfinans@gmail.com;-28.710115;20.982020;;;;;;4361720;970550;2042303;Hoërskool Keimoes;;;;;;;;;;;;;;
300032305;NC;KHARKHAMS GEKOMBINEERDE SKOOL;NAMAKWA;;Formally Opened;Operational;;Public;Ordinary School;Combined;Govt;;;;Kharkhams;Kharkams;8223;SKOOLSTRAAT 1;SKOOLSTRAAT;Kharkhams;Kharkams;8223;027;1130519;063;5571256;kharkams@gmail.com;annbrink759@gmail.com;-30.362343;17.888109;;;;;;343374;203230;2032305;Kharkams Hoerskool;;;;;;;;;;;;;;
300032202;NC;KHEIS MET LAERSKOOL;NAMAKWA;;Formally Opened;Operational;;Public;Ordinary School;Primary;Church;;;;Kheis;GARIES;8220;PO BOX 57;PO BOX;Kheis;GARIES;8220;027;6522402;079;9728845;kheismprimary01@gmail.com;julenelinks@gmail.com;-30.456415;17.993265;;;;;;58471359;584713;;;;;;;;;;;;;;;;
300100707;NC;KHIBA SECONDARY SCHOOL;JOHN TAOLO GAETSEWE;;Formally Opened;Operational;;Public;Ordinary School;Secondary;Govt;;K4;;GAMOPEDI;GAMOPEDI;8480;PO BOX 47;PO BOX;GAMOPEDI;KURUMAN;8480;073;8945729;067;3353782;jskhiba@gmail.com;mokgwaboneatsile@gmail.com;-27.216324;23.223958;;;;;;0007/96129;007/96;2100707;KHIBA SECONDARY SCHOOL;;;;;;;;;;;;;;
300012404;NC;VUYOLWETHU SECONDARY SCHOOL;FRANCES BAARD;;Formally Opened;Operational;;Public;Ordinary School;Secondary;Govt;;F6;;Ipeleng;Kimberley;8345;VUYOLWETHU 205;VUYOLWETHU;Mankurwane;Kimberley;8345;053;8721600;072;9774968;vuyolwethuss@ncdoe.school;vuyolwethuhigh@gmail.com;-28.721317;24,709764;;;;;;74448;970298;2012404;Vuyolwethu High School;;;;;;;;;;;;;;
300011219;NC;KIMBERLEY ISLAMIC SCHOOL;FRANCES BAARD;;Formally Opened;Operational;;Independent;Ordinary School;Primary;Private;;F2;;Moghul Park;Kimberley;8301;PO BOX 1218;PO BOX;Kimberley;Kimberley;8300;072;4199563;076;2895391;;rafiektoffar@gmail.com;-28.720447;24.773455;;;;;;;123456;300011219;kIMBERLEY ISLAMIC SCHOOL;;;;;;;;;;;;;;
300100917;NC;LOGOBATE PRIMARY SCHOOL;JOHN TAOLO GAETSEWE;;Formally Opened;Operational;;Public;Ordinary School;Primary;Govt;;K1;;MOTHIBISTAD;MOTHIBISTAD;8474;PO BOX 493;PO BOX;MOTHIBISTAD;MOTHIBISTAD;8474;060;6007461;082;2993322;logobateprimary@ncdoe.schools.za;logobateprimary@gmail.com;-27.171844;23.413440;;;;;;962268;962268;;;;;;;;;;;;;;;;
300034205;NC;LAERSKOOL BRANDVLEI;NAMAKWA;;Formally Opened;Operational;;Public;Ordinary School;Primary;Govt;;4;;BRANDVLEI;BRANDVLEI;8915;PO BOX 45;PO BOX;BRANDVLEI;BRANDVLEI;8915;054;6030049;078;3130068;lsbhoof@brandvlei.co.za;lsb@hantam.co.za;-30.464860;20.484591;;;;;;309214;309214;300034205;Brandvlei Primary School;;;;;;;;;;;;;;
300041220;NC;PABALLELO PRIMARY SCHOOL;ZF MGCAWU;;Formally Opened;Operational;;Public;Ordinary School;Primary;Govt;;S1;;PABALLELO;UPINGTON;8801;PO BOX 1186;PO BOX;PABALLELO;UPINGTON;8801;054;0501201;072;5401472;pspaballelo@gmail.com;;-28.436110;21,204823;;;;;;970218;972018;;;;;;;;;;;;;;;;
300100993;NC;MAGONATE PRIMARY SCHOOL;JOHN TAOLO GAETSEWE;;Formally Opened;Operational;;Public;Ordinary School;Primary;Govt;;K6;;GAMOKATEDI;GAMOKATEDI VILLAGE;8460;PO BOX 1118;PO BOX;GAMOKATEDI;KURUMAN;8460;072;3539763;072;3539763;magonateps@ncdoe.school.za;magonateps31@gmail.com;-26.74559;23.27957;;;;;;003/961218;003/96;2100993;MAGONATE PRIMARY SCHOOL;;;;;;;;;;;;;;
300101037;NC;MAKOLOKOMENG PRIMARY SCHOOL;JOHN TAOLO GAETSEWE;;Formally Opened;Operational;;Public;Ordinary School;Primary;Govt Education;;;;BATTLEMOUNT ;KURUMAN;8460;PO BOX 965;PO BOX;KURUMAN;KURUMAN;8460;073;1173223;076;8594266;makolokomengps@ncdoe.school.za;makolokomengps@gmail.com;-26.895806;23.716724;;;;;;961353;961353;2100101037;Makolokomeng Primary;;;;;;;;;;;;;;
300101035;NC;MAKHUBUNG PRIMARY SCHOOL;JOHN TAOLO GAETSEWE;;Formally Opened;Operational;;Public;Ordinary School;Primary;Govt;;K6;;Heunaar;Kuruman;8460;PO BOX 180;PO BOX;HEUNAAR;Kuruman;8611;072;3176171;072;3166171;makhubungps@ncdoe.school.za;makhubungps@ncdoe.school.za;-26.33519;23.10545;;;;;;961421;961421;2101035;MAKHUBUNG PRIMARY SCHOOL;;;;;;;;;;;;;;
300101011;NC;MAIPHINICKE PRIMARY SCHOOL;JOHN TAOLO GAETSEWE;;Formally Opened;Operational;;Public;Ordinary School;Primary;Govt;;K8;;GADIBOE;KURUMAN;8460;PO BOX 2091;PO BOX;GADIBOE;KURUMAN;8460;053;2850954;076;9341208;maiphinickeps@gmail.com;mmaenab@gmail.com;-27.0775;23.29965;;;;;;961234;961234;2101011;Maiphinicke Primary School;;;;;;;;;;;;;;
300010707;NC;NJ HEYNS SPECIAL SCHOOL;FRANCES BAARD;;Formally Opened;Operational;;Public;Special Needs Education;Secondary;Govt;;1;;Monument Heights;Kimberley;8301;PRIVATE BAG XX5011;PRIVATE BAG X;Monument Heights;Kimberley;8300;053;8328915;053;8328915;;admin@njheyns.co.za;-28.767514           ;24.760260;;;;;;202600;970278;2010707;NJ HEYNS SCHOOL;;;;;;;;;;;;;;Technical
300101553;NC;OBONTSE PRIMARY SCHOOL;JOHN TAOLO GAETSEWE;;Formally Opened;Operational;;Public;Ordinary School;Primary;Govt;;K2;;MOTHIBISTAD;KURUMAN;8474;PO BOX 277;PO BOX;MOTHIBISTAD;KURUMAN;8474;066;1602583;069;2568621;obontseps@gmail.com;loratog1@gmail.com;-27.437505;23.694940;;;;;;961393;961393;2101553;OBONTSE PRIMARY SCHOOL;;;;;;;;;;;;;;
300034210;NC;ST ANNES  LAERSKOOL;NAMAKWA;;Formally Opened;Operational;;Public;Ordinary School;Primary;Church;;N2;;MELKBOSRAND;ONSEEPKANS;8892;PO BOX 63;PO BOX;MELKBOSRAND;ONSEEPKANS;8892;083;7652659;083;5095361;st.annesl@ncdoe.school.za;stannesps7@gmail.com;-28.7464;19,31899;;;;;;5350090;971001;;;;;;;;;;;;;;;;
300041212;NC;OLYVENHOUTSDRIFT INTERMEDIËR;ZF MGCAWU;;Formally Opened;Operational;;Public;Ordinary School;Intermediate;Govt;;S4;;LOUISVALE ROAD;UPINGTON;8801;PRIVATE BAG X453;PRIVATE BAG X;LOUISVALE ROAD;UPINGTON;8800;054;0501179;082;9006806;olyvenhoutsdriftprimary@gmail.com;olyvenhoutsdriftprimary@gmail.com;-28.47817;21.27176;;;;;;370193;970526;;;;;;;;;;;;;;;;
300042214;NC;PRIMÊRE SKOOL OP DIE VOORPOS;ZF MGCAWU;;Formally Opened;Operational;;Public;Ordinary School;Primary;Govt;;S1;;;UPINGTON;8801;PRIVATE BAG X5876;PRIVATE BAG X;;UPINGTON;8800;054;3321731;;;Voories1@opdievoorpos.co.za;admin1@opdievoorpos.co.za;-28.456411;21.244874;;;;;;4;361410;;;;;;;;;;;;;;;;
300017208;NC;REALEBOGA INTERMEDIATE SCHOOL;Frances Baard;;Formally Opened;Operational;;Public;Ordinary School;Intermediate;Govt;;F1;;Hartsvallei;Jankemdorp;8534;PO BOX 519;PO BOX;Jankemdorp;Jankempdorp;8550;081;3786514;072;3029516;realebogais@jenny.co.za;realebogaps@ncdoe.school.co.za;-28.02456;24.69829;;;;;;75323;970438;2017208;Realeboga Intermediate School;;;;;;;;;;;;;;
300101812;NC;REITEMOGETSE PRIMARY  SCHOOL;JOHN TAOLO GAETSEWE;;Formally Opened;Operational;;Public;Ordinary School;Primary;Govt;;k4;;Gasehubane ;MOTHIBISTAD;8474;PO BOX 103;PO BOX;MOTHIBISTAD;MOTHIBISTAD;8474;083;2981944;083;2981944;sataunyane@yahoo.com;dorothykgape@gmail.com;-27.278117;23.27415;;;;;;961304;961304;;Reitemogetse Primary School;;;;;;;;;;;;;;
300022303;NC;HOËRSKOOL THERON;PIXLEY-KA-SEME;;Formally Opened;Operational;;Public;Ordinary School;Secondary;Govt;;P4;;;BRITSTOWN;8782;PO BOX 32;PO BOX; ;BRITSTOWN;8782;053;0040375;060;6170244;highschooltheron535@gmail.com;;-30.58601;23.50341;;;;;;410500;410500;2022303;THERON HIGH SCHOOL;;;;;;;;;;;;;;
300101851;NC;ROBANYANE TOTO II PRIMARY SCHOOL ;JOHN TAOLO GAETSEWE;;Formally Opened;Operational;;Public;Ordinary School;Primary;Govt Education;;K3;;BATLHAROS;KURUMAN;8460;PRIVATE BAG X103;PRIVATE BAG X;MOTHIBISTAD;KURUMAN;8474;053;7741002;076;2723175;robanyanetoto2@yahoo.com;baakwalanyathatayaone@gmail.com;-27.311867;23.341683;;;;;;961247;961247;20101851;ROBANYANE TOTO II PRIMARY SCHOOL;;;;;;;;;;;;;;
300011220;NC;RYVA ACADEMY OF LEARNING;FRANCES BAARD;;Formally Opened;Operational;;Independent;Ordinary School;Primary;Private;;F1;;New Park;Kimberley;8301;9 MILKWOOD PLACE, 11TH AVENUE 9;9 MILKWOOD PLACE, 11TH AVENUE;Melkbosstrand;Cape Town;7441;066;5569189;066;5569189;ryvaacademy@gmail.com;markmark1funkybunch@hotmail.com;-28,751125;24,756014;;;;;;;;;;;;;;;;;;;;;;;
300017223;NC;ROLIHLAHLA INTERMEDIATE SCHOOL;FRANCES BAARD;;Formally Opened;Operational;;Public;Ordinary School;Intermediate;Govt;;F3;;Ikhutseng;Warrenton;8530;PO BOX 442;PO BOX;;Warrenton;8530;065;9656968;065;9656968;rolihlahlais@ncdoe.school.za;rolihlahlais@gmail.com;-28.131005;24,850589;;;;;;225350;970450;2017223;ROLIHLAHLA INTERMEDIATE SCHOOL;;;;;;;;;;;;;;
300031305;NC;SACRED HEART RC PRIMARY SCHOOL ;NAMAKWA;;Formally Opened;Operational;;Public;Ordinary School;Primary;Church;;N2;;NABABEEP;NABABEEP;8265;PO BOX 138;PO BOX;NABABEEP;NABABEEP;8265;083;7639675;083;7639675;sacredheartl@ncdoe.school.za;sacredheartrcprimnababeep@gmail.com;-29.5906;17.78214;;;;;;347035;0;;;;;;;;;;;;;;;;
300017407;NC;TLHOMELANG HIGH SCHOOL;Frances Baard;;Formally Opened;Operational;;Public;Ordinary School;Secondary;Govt;;F2;;Mankurwane;Kimberley;8345;PO BOX 829;PO BOX;Mankurwane;Kimberley;8301;053;0501019;063;5637734;velababentsele@gmail.com;floorsno2@gmail.com;-28.72185;24.75992;;;;;;970308;970308;2017407;Floors No. 2 High School;;;;;;;;;;;;;;
300015401;NC;HOËRSKOOL DIAMANTVELD;FRANCES BAARD;;Formally Opened;Operational;;Public;Ordinary School;Secondary;Govt;;F3;;Memorial Weg Gebied;Kimberley;8301;PRIVATE BAG X6061;PRIVATE BAG X;Kimberley;Kimberley;8300;053;8331528;073;1670024;admin@diamantveld.co.za;skoolhoof@diamantveld.co.za;-28.75058;24.77206;;;;;;210203;970372;2015401;Hoërskool Diamantveld;;;;;;;;;;;;;;
300016208;NC;LAERSKOOL EUREKA KIMBERLEY;FRANCES BAARD;;Formally Opened;Operational;;Public;Ordinary School;Primary;Govt;;F2;;Hadison Park,;Kimberley;8306;Klisserweg,;Klisserweg;Hadison Park,;Kimberley,;8306;087;3105310;087;3105310;admin@eurekalaerskool.co.za;krediteure@eurekalaerskool.co.za;-28.754201;24.74314;;;;;;16208;16208;;;;;;;;;;;;;;;;0
300011401;NC;FLOORS HIGH SCHOOL;FRANCES BAARD;;Formally Opened;Operational;;Public;Ordinary School;Secondary;Govt;;F1;;Florianville;Kimberley;8301;STOKROOS 9;STOKROOS;Florianville;Kimberley;8301;053;8711013;083;9871981;floorshs@gmail.com;royfredericks@ymail.com;-28.72248;24.76031;;;;;;225390;225390;2011401;Floors High School;;;;;;;;;;;;;;
300102261;NC;TSINENG PRIMARY SCHOOL;JOHN TAOLO GAETSEWE;;Formally Opened;Operational;;Public;Ordinary School;Primary;Govt;;K1;;MOTHIBISTAD;KURUMAN;8460;PO BOX 431;PO BOX;MOTHIBISTAD;MOTHIBISTAD;8474;072;5171760;082;5850912;tsinengprimaryschool@gmail.com;morapediniccah@gmail.com;-27.08727;23.08167;;;;;;961253;961253;2102261;TSINENG PRIMARY SCHOOL;;;;;;;;;;;;;;
300043229;NC;UITSIG  PRIMÊRE SKOOL;ZF MGCAWU;;Formally Opened;Operational;;Public;Ordinary School;Primary;Farm;;S3;;Groblershoop;Groblershoop;8850;PO BOX 172;PO BOX;Opwag;Groblershoop;8850;054;8330726;061;6411743;uitsigps@gmail.com;mullerrachel27@gmail.com;-28.845971;21,976034;;;;;;376973;970543;;;;;;;;;;;;;;;;
300042402;NC;PABALLELO HIGH SCHOOL;ZF MGCAWU;;Formally Opened;Operational;;Public;Ordinary School;Secondary;Govt;;S2;;Paballelo;Upington;8801;PO BOX 2873;PO BOX;Paballelo;UPINGTON;8800;054;3322765;066;5789591;paballelo@gmail.com;gudulamoses@gmail.com;-28.436313;21,213462;;;;;;361030;973610;2042402;Paballelo high school;;;;;;;;;;;;;;
300024223;NC;Elior Akademie;PIXLEY-KA-SEME;;Formally Opened;Operational;;Independent;Ordinary School;Primary;NULL;;NULL;;NULL;NULL;NULL;NULL;NULL;NULL;NULL;7070;0788469933;NULL;NULL;NULL;eliorakademie@gmail.com;NULL;-31,40494;23,12063;;;;;;NULL;NULL;NULL;NULL;;;;;;;;;;;;;;NULL
300013402;NC;VAALRIVIER HOëRSKOOL;FRANCES BAARD;;Formally Opened;Operational;;Public;Ordinary School;Combined;Govt;;970328;;Barkly West;Barkly West;8375;PO BOX 53;PO BOX;Barkly West;Barkly West;8375;053;5310639;082;3591147;;vaalrivierfb@gmail.com;-28.53702;24.51669;;;;;;212236;435187;300013402;Hoërskool Vaalrivier;;;;;;;;;;;;;;
300011207;NC;MONTSHIWA PRIMARY SCHOOL;FRANCES BAARD;;Formally Opened;Operational;;Public;Ordinary School;Primary;Govt;;F4;;Galeshewe;Kimberley;8301;PO BOX 8022;PO BOX;Galeshewe;Kimberley;8301;053;8741112;082;2530224;montshiwaprimaryschool@gmail.com;lesegosethibang@gmail.com;-28.715044;24.743435;;;;;;74412;970268;2011207;MONTSHIWA PRIMARY SCHOOL;;;;;;;;;;;;;;
300016203;NC;GROENPUNT PRIMARY;FRANCES BAARD;;Formally Opened;Operational;;Public;Ordinary School;Primary;Govt;;F7;;Greenpoint;Kimberley;8315;PO BOX 10178;PO BOX;Beaconsfield;Kimberley;8315;053;0505144;084;8116708;groenpunt73@gmail.com;1principalmatters@gmail.com;-28.778732;24.772139;;;;;;225250;970399;300016203;GROENPUNT PRIMARY SCHOOL;;;;;;;;;;;;;;
300043303;NC;KAKAMAS INTERMEDIATE SCHOOL;ZF MGCAWU;;Formally Opened;Operational;;Public;Ordinary School;Secondary;Govt;;S4;;LANGVERWAG;KAKAMAS;8870;PO BOX 450;PO BOX;LANGVERWAG;KAKAMAS;8870;073;2798060;073;2798060;;hs.kakamas@gmail.com;-28.791398;20.629895;;;;;;373397;970590;2043303;Hoërskool Kakamas;;;;;;;;;;;;;;
300012203;NC;FLOORS NORTH PRIMARY SCHOOL;FRANCES BAARD;;Formally Opened;Operational;;Public;Ordinary School;Primary;Govt;;F2;;Florianville;Florianville;8301;MAPLE ROAD 0;MAPLE ROAD;Kimberley;Kimberley;8301;053;8741271;061;9170426;fnps1952@gmail.com;asph14.mn70@gmail.com;-28.71485;24.76537;;;;;;225140;642974;2012203;FLOORS NORTH PRIMARY SCHOOL;;;;;;;;;;;;;;
300032302;NC;FJ SMIT (NGK) GEKOMBINEERDE SKOOL;NAMAKWA;;Formally Opened;Operational;;Public;Ordinary School;Combined;Church;;3;;Komaggas;KOMAGGAS;8242;PO BOX 35;PO BOX;KOMAGGAS;KOMAGGAS;8242;027;8211990;061;2606614;fjsmit@lantic.net;diergaardtpatrick@gmail.com;-29.79717;17.4865;;;;;;346969;504779;2032302;FJ SMIT INTERMEDIêRE SKOOL;;;;;;;;;;;;;;
300041101;NC;VOORBEREIDINGSKOOL FANIE MALAN;ZF MGCAWU;;Formally Opened;Operational;;Public;Ordinary School;Primary;Govt;;S1;;UPINGTON;UPINGTON;8801;PO BOX 190;PO BOX;UPINGTON;UPINGTON;8800;054;3311819;082;8244951;vsfaniemalan@lantic.net;hoofvsfaniemalan@lantic.net;-28.45646;21.24309;;;;;;361270;970509;;;;;;;;;;;;;;;;
300034301;NC;AGGENEYS LAERSKOOL;NAMAKWA;;Formally Opened;Operational;;Public;Ordinary School;Primary;Govt;;N2;;aggeneys;AGGENEYS;8893;PO BOX 98;PO BOX;AGGENEYS;AGGENEYS;8893;054;9832311;083;4480378;aggeneysls@gmail.com;aggeneysls@gmail.com;-29.236723;18.842289;;;;;;350030;971022;;;;;;;;;;;;;;;;
300033301;NC;HOËRSKOOL FRASERBURG;NAMAKWA;;Formally Opened;Operational;;Public;Ordinary School;Secondary;Govt;;N4;;Fraserburg;Fraserburg;6960;PO BOX 7;PO BOX;Fraserburg;Fraserburg;6960;023;7411093;083;3095898;fraserburgh@ncdoe.school.za;hsfhoof@rante.co.za;-31,915077;21,51343;;;;;;0005/31221;970969;2033301;Dept. van Onderwys-Kimberley;;;;;;;;;;;;;;
300100394;NC;GAHOHUWE  INTERMEDIATE  SCHOOL;JOHN TAOLO GAETSEWE;;Formally Opened;Operational;;Public;Ordinary School;Intermediate;Govt;;K7;;DITHAKONG;KURUMAN;8604;PO BOX 7008;PO BOX;DITHAKONG;KURUMAN;8604;076;7262798;072;6698471;gahohuwe.interschool@gmail.com;gahohuwe.interschool@gmail.com;-27.112572;23.882242;;;;;;961419;961419;2100394;Gahohuwe Intermediate school;;;;;;;;;;;;;;
300100402;NC;GAMASEGO PRIMARY SCHOOL;JOHN TAOLO GAETSEWE;;Formally Opened;Operational;;Public;Ordinary School;Primary;Govt;;K2;;GAMASEPA;KURUMAN;8474;PO BOX 544;PO BOX;MOTHIBISTAD;MOTHIBISTAD;8474;079;1849258;079;1849258;gamasegops@ncdoe.schools;sitholeharry@yahoo.com;-27.532559;23.734262;;;;;;962259;962259;2100402;GAMASEGO PRIMARY SCHOOL;;;;;;;;;;;;;;
300100441;NC; GLEN RED PRIMARY SCHOOL;JOHN TAOLO GAETSEWE;;Formally Opened;Operational;;Public;Ordinary School;Primary;Govt;;K2;;GLEN RED;GLEN RED VILLAGE;8600;PO BOX 2354;PO BOX;VRYBURG;GLEN RED VILLAGE;8600;063;6022472;072;3397368;glenredprimary@gmail.com;glenredprimary@gmail.com;-26.972234;23.910367;;;;;;007/961354;007/96;2100641;Glen Red Primary School;;;;;;;;;;;;;;
300100387;NC;GADIBOE MIDDLE SCHOOL;JOHN TAOLO GAETSEWE;;Formally Opened;Operational;;Public;Ordinary School;Intermediate;Govt;;K8;;KURUMAN;KURUMAN;8460;PO BOX 949;PO BOX;KURUMAN;KURUMAN;8460;076;2119192;076;2119192;gadiboemiddleschool@gmail.com;bantsheng79@gmail.com;-27.075084;23.295220;;;;;;961297;796;2100387;Gadiboe Intermediate School;;;;;;;;;;;;;;
300101373;NC;MORALADI PRIMARY SCHOOL;JOHN TAOLO GAETSEWE;;Formally Opened;Operational;;Public;Ordinary School;Primary;Govt;;;;BATLHAROS;KURUMAN;8476;PO BOX 6007;PO BOX;BATLHAROS;KURUMAN;8476;068;5265739;082;7091116;moraladi@ncdoe.school.za;moraladi.primary@gmail.com;-27.329967;23.358283;;;;;;396134;396134;2101373;Moraladi Primary School;;;;;;;;;;;;;;
300032212;NC;FRASERBURG AKADEMIE;NAMAKWA;;Formally Opened;Operational;;Independent;Ordinary School;Primary;Private;;N4;;;FRASERBURG;6960;CILLIERS 27;CILLIERS;FRASERBURG;FRASERBURG;6960;071;7950977;071;7950977;;ilanideklerk@gmail.com;-31.915189;21.509573;;;;;;;;;;;;;;;;;;;;;;;
300100890;NC;LETLHAKAJANENG  PRIMARY SCHOOL;JOHN TAOLO GAETSEWE;;Formally Opened;Operational;;Public;Ordinary School;Primary;Govt;;;;;KURUMAN;8460;LETLHAKAJANENG VILLAGE 2352;LETLHAKAJANENG VILLAGE;VRYBURG;VRYBURG;8600;081;3564599;072;3097191;tmarumo20@gmail.com;malepamj@gmail.com;-27.02086;24.01593;;;;;;961355;691355;21OO300890;Letlhakajaneng Primary School;;;;;;;;;;;;;;
300043207;NC;FRANK BIGGS INTERMEDIERE SKOOL;ZF MGCAWU;;Formally Opened;Operational;;Public;Ordinary School;Intermediate;Govt;;S2;;LOUISVALEDORP;LOUISVALEDORP;8809;PO BOX 89;PO BOX;LOUISVALEDORP;LOUISVALEDORP;8809;054;3351003;082;3399300;frankbiggsmps@ncdoe.schools.za;frankbiggs.is@gmail.com;-28.56167;21.19967;;;;;;4376647;376647;;;;;;;;;;;;;;;;
300100383;NC;GAAESI PRIMARY SCHOOL;JOHN TAOLO GAETSEWE;;Formally Opened;Operational;;Public;Ordinary School;Primary;Govt;;K5;;BOTHITHONG;KURUMAN;8582;PO BOX 664;PO BOX;KURUMAN;KURUMAN;8460;067;3421035;082;3619455;gaaesips@ncdoeschool.za;gaaesi.ps@gmail.com;-27.0504;23.828967;;;;;;961345;961345;300100383;Gaaesi primary;;;;;;;;;;;;;;
300045210;NC;LAERSKOOL KURUMAN;JOHN TAOLO GAETSEWE;;Formally Opened;Operational;;Public;Ordinary School;Primary;Govt;;;;KURUMAN;KURUMAN;8460;PO BOX 227;PO BOX;KURUMAN;KURUMAN;8460;053;7120769;082;3802204;laerkuruman2@gmail.com;floydmicca@yahoo.com;-27.461405;23.433030;;;;;;361370;361370;2045210;LAERSKOOL KURUMAN;;;;;;;;;;;;;;
300044404;NC;RATANG-THUTO SECONDARY SCHOOL;ZF MGCAWU;;Formally Opened;Operational;;Public;Ordinary School;Secondary;Govt;;S5;;BOICHOKO LOCATION;POSTMASBURG;8420;PO BOX 572;PO BOX;BOICHOKO LOCATION;POSTMASBURG;8420;053;3132402;076;2201354;ratang.thutosecondary@gmail.com;menkengungu@gmail.com;-28.32134;23.03848;;;;;;361200;162074;2044404;RATANG THUTO;;;;;;;;;;;;;;
300042302;NC;GEKOMBINEERDE SKOOL FRIERSDALE R.K.;ZF MGCAWU;;Formally Opened;Operational;;Public;Ordinary School;Combined;Church;;S4;;Friersdale;Keimoes;8860;PO BOX 812;PO BOX;Friersdale;Keimoes;8860;064;3057531;072;4401588;friersdaleschzfm@gmail.com;fanty.deklerk@vodamail.com;-28.73137;20.83486;;;;;;376302;504219;42302;Combined School Friersdale RC;;;;;;;;;;;;;;
300100395;NC;GAKGATSANA PRIMARY SCHOOL;JOHN TAOLO GAETSEWE;;Formally Opened;Operational;;Public;Ordinary School;Primary;Govt Education;;K2;;Kamden;KURUMAN;8481;PO BOX 2386;PO BOX;KURUMAN;KURUMAN;8460;072;8030533;072;8030533;gakgatsanaps@ncdoe.school.za;tshepiam@gmail.com;-27.359285;23.889281;;;;;;962258;962258;300100395;gakgatsana primary;;;;;;;;;;;;;;
300100401;NC;GALATOLO PRIMARY SCHOOL;JOHN TAOLO GAETSEWE;;Formally Opened;Operational;;Public;Ordinary School;Primary;Govt;;K2;;MOTHIBISTAD;KURUMAN;8460;PO BOX 362;PO BOX;MOTHIBISTAD;MOTHIBISTAD;8474;063;2479648;063;2479648;galotolops@gmail.com;galotolops@gmail.com;-27.256186;23.186453;;;;;;961276;961276;2100401;GALOTOLO PRIMARY SCHOOL;;;;;;;;;;;;;;
300100397;NC;GALALETSANG SCIENCE SECONDARY SCHOOL;JOHN TAOLO GAETSEWE;;Formally Opened;Operational;;Public;Ordinary School;Secondary;Govt;;;;MOTHIBISTAD;MOTHIBISTAD;8474;PRIVATE BAG X158;PRIVATE BAG X;MOTHIBISTAD;MOTHIBISTAD;8474;053;7731727;082;8382494;galaletsangschool@gmail.com;galaletsangsss@ncdoe.school.za;-27.402893;23.495564;;;;;;961397;961397;2100397;GALALETSANG SCIENCE SECONDARY SCHOOL;;;;;;;;;;;;;;
300100400;NC;GALORE PRIMARY SCHOOL;JOHN TAOLO GAETSEWE;;Formally Opened;Operational;;Public;Ordinary School;Primary;Govt;;K1;;KURUMAN;KURUMAN;8460;PO BOX 470;PO BOX;KURUMAN;KURUMAN;8460;076;7952623;076;7952623;thagetsiconfy7@gmail.com;thagetsiconfy7@gmail.com;-27.130943;23.377568;;;;;;961267;961267;2100400;GALORE PRIMARY SCHOOL;;;;;;;;;;;;;;
300043208;NC;GARIEPWATER PRIMÊRE SKOOL;ZF MGCAWU;;Formally Opened;Operational;;Public;Ordinary School;Primary;Govt;;S3;;GROOTDRINK;Gariepwater;8822;PO BOX 65;PO BOX;Gariepwater;Gariepwater;8822;054;0500908;071;6515517;;elvinhorn5@gmail.com;-28.612891;21.778831;;;;;;370460;970574;;;;;;;;;;;;;;;;
300100418;NC;GARAPOANA PRIMARY SCHOOL;JOHN TAOLO GAETSEWE;;Formally Opened;Operational;;Public;Ordinary School;Primary;Govt Education;;K6;;CAHAR VILLAGE;MOTHIBISTAD;8474;PO BOX 515;PO BOX;MOTHIBISTAD;MOTHIBISTAD;8474;082;2292926;082;2292926;garapoanaps@ncdoe.school.za;garapoanaprimaryschool@gmail.com;-26.81314;23.459751;;;;;;961280;961280;2100418;Garapoana Primary School;;;;;;;;;;;;;;
300100406;NC;GAMORONA PRIMARY SCHOOL;JOHN TAOLO GAETSEWE;;Formally Opened;Operational;;Public;Ordinary School;Primary;Govt;;K2;;KURUMAN;MOTHIBISTAD;8474;PO BOX 1869;PO BOX;KURUMAN;KURUMAN;8460;072;0767410;082;4452741;gamoronaps@ncdoe.school.za;gamoronaprimary@gmail.com;-26.914117;23.743015;;;;;;961346;961346;2100406;GAMORONA PRIMARY;;;;;;;;;;;;;;
300100415;NC;GAOSHUPE MAKODI PRIMARY SCHOOL;FRANCES BAARD;;Formally Opened;Operational;;Public;Ordinary School;Primary;Govt;;F5;;PAMPIERSTAD;Pampierstad;8566;PO BOX 283;PO BOX;Pampierstad;Pampierstad;8566;067;7006210;082;6923620;gaoshupemakodips@gmail.com;petsinyane@gmail.com;-27.77193;24.693300;;;;;;960996;117200;;GAOSHUPE MAKODI FULL SERVICE SCHOOL;;;;;;;;;;;;;;
300100429;NC;GATLHOSE PRIMARY SCHOOL;JOHN TAOLO GAETSEWE;;Formally Opened;Operational;;Public;Ordinary School;Primary;Govt;;;;KURUMAN;MOTHIBISTAD;8474;PO BOX 247;PO BOX;MOTHIBISTAD;MOTHIBISTAD;8474;082;9903247;082;6508144;phemelotlhomedi02@gmail.com;phemelotlhomedi02@gmail.com;-26.993540;23.645647;;;;;;962252;962252;;;;;;;;;;;;;;;;
300102379;NC;LEARAMELE SPECIAL SCHOOL;JOHN TAOLO GAETSEWE;;Formally Opened;Operational;;Public;Special Needs Education;Primary;Govt Education;;K2;;KURUMAN;MOTHIBISTAD;8460;PO BOX 525;PO BOX;MOTHIBISTAD;MOTHIBISTAD;8474;082;0549829;082;0549829;learameless@ncdoe.school.za;learameless@ncdoe.school.za;-27.394012       ;23.490333                      ;;;;;;961327;961327;;;;;;;;;;;;;;;;
300034203;NC;GOODHOUSE VGK PRIMÊRE SKOOL;NAMAKWA;;Formally Opened;Operational;;Public;Ordinary School;Primary;Church;;;;Goodhouse;Steinkopf;8244;PO BOX 597;PO BOX;CONCORDIA;Springbok;8240;087;2349168;071;9079775;psgoodhouse@gmail.com;cryssac22@gmail.com;-28.91253;18.21079;;;;;;346896;506705;;;;;;;;;;;;;;;;
300010702;NC;GEORGE KEKANA SECURE CARE SCHOOL;FRANCES BAARD;;Formally Opened;Operational;;Public;Special Needs Education;Combined;Govt;;F 2;;Galeshewe;Kimberley;8335;PRIVATE BAG X8055;PRIVATE BAG X;Galeshewe;Kimberley;8335;053;8713674;082;8419673;gks@tlkomsa.net;pp.ngonyoza@gmail.com;-28.719817        ;24.749687                   ;;;;;;74418;300010;n/a;n/a;;;;;;;;;;;;;;
300024309;NC;HANOVER DESTINY ACADEMY;PIXLEY-KA-SEME;;Formally Opened;Operational;;Independent;Ordinary School;Combined;Church;;P3;;;HANOVER;7005;PO BOX 7;PO BOX;;HANOVER;7005;082;0695332;082;0695332;;agj@adsactive.com;-31.068136;24.442972;;;;;;;;;;;;;;;;;;;;;;;
300100426;NC; GATA-LWA-TLOU INTERMEDIATE SCHOOL;JOHN TAOLO GAETSEWE;;Formally Opened;Operational;;Public;Ordinary School;Intermediate;Govt Education;;K6;;GATA-LWA-TLOU;PERTH VILLAGE;8625;PO BOX 98;PO BOX;HEUNAAR;KURUMAN;8611;083;4014364;083;4014364;gatalwatlou@gmail.com;winichidemo@gmail.com;-26.463287;23.085108;;;;;;961395;961395;2100426;Gata-lwa-Tlou Intermediate School;;;;;;;;;;;;;;
300013401;NC;BORESETSE HIGH SCHOOL;FRANCES BAARD;;Formally Opened;Operational;;Public;Ordinary School;Secondary;Govt;;;;Mataleng Location;Barkly West;8375;PO BOX 267;PO BOX;Mataleng Location;Barkly West;8375;053;1100422;074;5068933;boresetsehs@ncdoe.school.za;boresetsehs@gmail.com;-28.5319;24.5009;;;;;;74372;970325;2013401;BORESETSE HIGH SCHOOL;;;;;;;;;;;;;;
300041402;NC;HOËRSKOOL DUINEVELD;ZF MGCAWU;;Formally Opened;Operational;;Public;Ordinary School;Secondary;Govt;;S3;;;UPINGTON;8801;PRIVAATSAK X 5886;PRIVAATSAK X;UPINGTON;UPINGTON;8800;054;3388222;054;3388222;skoolhoof@duineveld.co.za;imtaute@duineveld.co.za;-28.4393;21.25935;;;;;;361540;970515;2041402;H/S DUINEVELD;;;;;;;;;;;;;;
300031402;NC;HOËRSKOOL ALEXANDERBAAI;NAMAKWA;;Formally Opened;Operational;;Public;Ordinary School;Secondary;Mine;;N1;;ALEXANDER BAY;ALEXANDERBAAI;8290;PO BOX 456;PO BOX;ALEXANDERBAAI;ALEXANDERBAAI;8290;027;8311771;067;2694067;alexanderbaaih@ncdoe.school.za;alexhighschool@gmail.com;-28.596970;16.486676;;;;;;310324;310324;2031402;HOËRSKOOL ALEXANDERBAAI;;;;;;;;;;;;;;
300017401;NC;HOËRSKOOL HARTSWATER ;FRANCES BAARD;;Formally Opened;Operational;;Public;Ordinary School;Secondary;Govt Education;;F7;;Hartswater;Hartswater;8570;PRIVATE BAG X89;PRIVATE BAG X;Hartswater;Hartswater;8570;053;4741512;082;9294614;hartssek@vharts.co.za;vanheerdenwillie68@gmail.com;-27.75399;24.80122;;;;;;210210;970416;2017401;Hoërskool Hartswater;;;;;;;;;;;;;;
300100421;NC;GASEBONWE JANTJIE INTERMEDIATE SCHOOL ;JOHN TAOLO GAETSEWE;;Formally Opened;Operational;;Public;Ordinary School;Intermediate;Govt;;K5;;MOTHIBISTAD;MOTHIBISTADT;8474;PO BOX 463;PO BOX;MOTHIBISTAD;MOTHIBISTAD;8474;084;3374147;084;3374147;gasebonwejantjie@yahoo.com;gasebonwejantjie@yahoo.com;-27.454115;23.628141;;;;;;3961396;396;2100421;gasebonwe jantjie intermediate school ;;;;;;;;;;;;;;
300100405;NC;GAMOPEDI PRIMARY SCHOOL;JOHN TAOLO GAETSEWE;;Formally Opened;Operational;;Public;Ordinary School;Primary;Govt Education;;K4;;GAMOPEDI;KURUMAN;8460;PO BOX 6002;PO BOX;BATLHAROS;KURUMAN;8476;073;1107085;073;1107085;gamopedips@gmail.com;gamopedips@gmail.com;-27.228083;23.216433;;;;;;962263;962263;2100405;Gamopedi Primary School;;;;;;;;;;;;;;
300014206;NC;LUCRETIA PRIMARY SCHOOL;FRANCES BAARD;;Formally Opened;Operational;;Public;Ordinary School;Primary;Govt;;F8;;Pescodia;Kimberley;8309;CARISSA 8309;CARISSA;Pescodia;Kimberley;8309;053;8731610;083;6733945;lucretiaschool10@gmail.com;galliessmeer2@gmail.com;-28.66078;24.71533;;;;;;225330;970362;2014206;LUCRETIA INTERMEDIATE SCHOOL;;;;;;;;;;;;;;
300100460;NC;GOODHOPE PRIMARY SCHOOL;JOHN TAOLO GAETSEWE;;Formally Opened;Operational;;Public;Ordinary School;Primary;Govt;;K4;;KURUMAN;KURUMAN;8460;PO BOX 2271;PO BOX;KURUMAN;KURUMAN;8460;072;2014338;082;6374285;goodhopeprimary01@gmail.com;regina00kgomo@gmail.com;-27.168043;23.302745;;;;;;7961266;8019;300100460;GOODHOPE PRIMARY;;;;;;;;;;;;;;
300013203;NC;GN PRESSLY INTERMEDIÊRE SKOOL;FRANCES BAARD;;Formally Opened;Operational;;Public;Ordinary School;Intermediate;Govt;;F1;;Forlorn Hope;Longlands;8376;PO BOX 1;PO BOX;Forlorn Hope;Longlands;8376;053;5320001;084;4444429;gnpintermediate@gmail.com;tlangeveldt.tl@gmail.com;-28.46164;24.38515;;;;;;225640;970331;2013203;GN PRESSLY INTERMEDIÊRE SKOOL;;;;;;;;;;;;;;
300041204;NC;GROOT MIER (VGK) PRIMÊRE SKOOL;ZF MGCAWU;;Formally Opened;Operational;;Public;Ordinary School;Primary;Govt;;S1;;GROOTMIER;MIER;8811;PO BOX 167;PO BOX;GROOTMIER;MIER;8811;054;5210017;066;5047101;learskoolgm@gmail.com;learskoolgm@gmail.com;-26.743139;20.327057;;;;;;376418;970555;;;;;;;;;;;;;;;;
300013217;NC;HARTSWATER CHRISTIAN SCHOOL;FRANCES BAARD;;Formally Opened;Operational;;Independent;Ordinary School;Primary;Private;;;;Hartswater;Hartswater;8570;PO BOX 120;PO BOX;Hartswater;Hartswater;8570;082;5091894;060;6410989;secretary@hartswaterchristianschool.org;principal@hartswaterchristianschool.org;0;0;;;;;;;;2013217;HARTSWATER CHRISTIAN SCHOOL;;;;;;;;;;;;;;
300100869;NC;LERUMO PRIMARY SCHOOL;JOHN TAOLO GAETSEWE;;Formally Opened;Operational;;Public;Ordinary School;Primary;Govt Education;;K7;;DITHAKONG;DITHAKONG VILLAGE;8604;PO BOX 7007;PO BOX;DITHAKONG;DITHAKONG;8604;082;2227415;060;4237020;lerumoprimary@gmail.com;;-27.076290;23.928763;;;;;;961356;961356;2100869;LERUMO PRIMARY SCHOOL;;;;;;;;;;;;;;
300100478;NC;H SAANE PRIMARY SCHOOL;JOHN TAOLO GAETSEWE;;Formally Opened;Operational;;Public;Ordinary School;Primary;Govt Education;;K7;;KURUMAN;KURUMAN;8474;PO BOX 318;PO BOX;MOTHIBISTAD;KURUMAN;8474;079;0463385;073;2680772;hsaaneprimary@gmail.com;hsaaneprimary@gmail.com;-27.045227;23.882576;;;;;;962406;962406;2100478;HSaane Primary School;;;;;;;;;;;;;;
300016403;NC;GREENPOINT HIGH SCHOOL;FRANCES BAARD;;Formally Opened;Operational;;Public;Ordinary School;Secondary;Govt;;F7;;Greenpoint;Kimberley;8301;REDWOOD 2-56;REDWOOD;Beaconsfields;Kimberley;8301;053;2850176;072;2640923;greenpointprincipal15@gmail.com;sorayatoffar786@gmail.com;-28.778465;24.774914;;;;;;225251;225251;2016403;GREENPOINT HIGH SCHOOL;;;;;;;;;;;;;;
300013205;NC;HERLEAR PRIMARY SCHOOL;FRANCES BAARD;;Formally Opened;Operational;;Public;Ordinary School;Primary;Govt;;F2;;Herlear;Kimberley;8301;OLYMPIA STREET 44;OLYMPIA STREET;Herlear;Kimberley;8301;053;8420343;053;8420343;herlear@telkomsa.net;admin.herlear@telkomsa.net;-28.747369;24.785952;;;;;;209217;970334;2013205;HERLEAR PRIMARY SCHOOL;;;;;;;;;;;;;;
300017402;NC;HOËRSKOOL VAALHARTS ;FRANCES BAARD;;Formally Opened;Operational;;Public;Ordinary School;Secondary;Govt Education;;F1;;JAN KEMPDORP;JAN KEMPDORP;8550;PO BOX 49;PO BOX;Jan Kempdorp;JAN KEMPDORP;8550;053;4560498;072;7167344;hvaalharts@ncdoe.school.za;admin.vhhs@lantic.net;-27.91222;24.84136;;;;;;210231;201740;2017402;Hoërskool Vaalharts;;;;;;;;;;;;;;
300015206;NC;DU TOITSPAN LAERSKOOL;FRANCES BAARD;;Formally Opened;Operational;;Public;Ordinary School;Primary;Govt;;F3;;Beaconsfield;Kimberley;8301;PO BOX 10177;PO BOX;Beaconsfield;Kimberley;8315;053;8420340;083;7242468;dutoitspanfb@telkomsa.net;oswaldkeeble5@gmail.com;-28.75606;24.78145;;;;;;209210;209210;2015206;DUTOITSPAN LAERSKOOL;;;;;;;;;;;;;;
300043403;NC;HOËRSKOOL MARTIN OOSTHUIZEN;ZF MGCAWU;;Formally Opened;Operational;;Public;Ordinary School;Secondary;Govt;;S4;;KAKAMAS;KAKAMAS;8870;PRIVATE BAG X183;PRIVATE BAG X;KAKAMAS;KAKAMAS;8870;054;4310884;082;4219005;admin@hmoskool.co.za;hoerskoolis@ncdoe.oosthuizen.za;-28.77197;20.61921;;;;;;361620;970549;2043403;MARTIN OOSTHUIZEN HIGH SCHOOL;;;;;;;;;;;;;;Agriculture
300033302;NC;HOËRSKOOL GARIES;NAMAKWA;;Formally Opened;Operational;;Public;Ordinary School;Secondary;Govt;;N3;;GARIES;GARIES;8220;PO BOX 10;PO BOX;GARIES;GARIES;8220;027;8800072;060;7798560;Garieshigh@gmail.com;Garieshigh@gmail.com;-30.561113;17.988073;;;;;;312217;970946;2033302;Garies High School;;;;;;;;;;;;;;
300014207;NC;RENEILWE INTERMEDIATE SCHOOL;FRANCES BAARD;;Formally Opened;Operational;;Public;Ordinary School;Primary;Govt;;F4;;Galeshewe;Kimberley;8335;P. O. Box 8008;;Galeshewe;Kimberley;8335;053;8715646;063;2080425;reneilweps@ncdoe.school.za;reneilweprimary35@gmail.com;-28.719503;24,749921;;;;;;12199222;970364;2014207;RENEILWE PRIMARY SCHOOL;;;;;;;;;;;;;;
300043302;NC;GROOTDRINK INTERMEDIATE SCHOOL;ZF MGCAWU;;Formally Opened;Operational;;Public;Ordinary School;Intermediate;Govt;;S3;;Grootdrink;Grootdrink;8822;PO BOX 63;PO BOX;Grootdrink;Grootdrink;8822;054;0501212;061;0983854;grootdrinkis18@gmail.com;lucillespringbok78@gmail.com;-28.56359;21.74682;;;;;;370428;506614;;;;;;;;;;;;;;;;
300032308;NC;HOËRSKOOL PORT NOLLOTH ;NAMAKWA;;Formally Opened;Operational;;Public;Ordinary School;Secondary;Govt;;N1;;Erf 51;Port Nolloth;8280;PRIVATE BAG X43;PRIVATE BAG X;PORT NOLLOTH;PORT NOLLOTH;8280;027;8518464;027;8518464;;info@pnhigh.co.za;-29.25155;16.86972;;;;;;340030;971015;A2032308;PORT NOLLOTH;;;;;;;;;;;;;;
300043217;NC;LUKHANYISO PRIMARY SCHOOL;ZF MGCAWU;;Formally Opened;Operational;;Public;Ordinary School;Primary;Govt;;S3;;PABALLELO;paballelo;8800;PO BOX 2823;PO BOX;PABALLELO;UPINGTON;8801;054;3312568;054;3312568;lukhanyisoprimaryschool@gmail.com;princessmay212@gmail.com;-28.438915;21.219402;;;;;;0004/36101;970581;;;;;;;;;;;;;;;;
300031403;NC;STEINKOPF HOËRSKOOL ;NAMAKWA;;Formally Opened;Operational;;Public;Ordinary School;Secondary;Govt;;N1;;STEINKOPF;STEINKOPF;8244;PO BOX 116;PO BOX;STEINKOPF;STEINKOPF;8244;027;0500530;082;3815404;steinkopfhigh@gmail.com;vriesniko13@gmail.com;-29.26595;17.73513;;;;;;5/343315;504680;2031403;Steinkopf High School;;;;;;;;;;;;;;
300041403;NC;HOËRSKOOL UPINGTON;ZF MGCAWU;;Formally Opened;Operational;;Public;Ordinary School;Secondary;Govt;;S1;;UPINGTON;UPINGTON;8801;PO BOX 43;PO BOX;UPINGTON;UPINGTON;8800;054;3321491;083;4591380;ontvangs@uppies1.co.za;skoolhoof@uppies1.co.za;-28.45687;21.24361;;;;;;361670;970516;2041403;NKOD;;;;;;;;;;;;;;
300045218;NC;WRENCHVILLE PRIMARY SCHOOL;JOHN TAOLO GAETSEWE;;Formally Opened;Operational;;Public;Ordinary School;Primary;Govt;;K7;;WRENCHVILLE;KURUMAN;8460;PO BOX 1400;PO BOX;WRENCHVILLE;KURUMAN;8460;053;0501048;082;8575702;wrenchvillep@ncdoe.school.za;wrenchville.primary@gmail.com;-27.442598;23,458247;;;;;;381010;45218;2045218;WRENCHVILLE PRIMARY;;;;;;;;;;;;;;
300045303;NC;HOTAZEL COMBINED SCHOOL;JOHN TAOLO GAETSEWE;;Formally Opened;Operational;;Public;Ordinary School;Combined;Mine;;K7;;HOTAZEL;HOTAZEL;8490;PO BOX 84;PO BOX;HOTAZEL;HOTAZEL;8490;072;9701282;072;9701282;hotazelcombined@gmail.com;hotazelcs@ncdoe.school.za;-27.207426;22.963552;;;;;;361060;970670;2045303;HOTAZEL COMBINED SCHOOL;;;;;;;;;;;;;;
300100542;NC;INEELENG PRIMARY SCHOOL;JOHN TAOLO GAETSEWE;;Formally Opened;Operational;;Public;Ordinary School;Primary;Govt Education;;K1;;MOTHIBISTAD;MOTHIBISTAD;8474;PO BOX 106;PO BOX;MOTHIBISTAD;KURUMAN;8474;073;3736081;082;8323562;ineelengschool@gmail.com;mandhlovu1@gmail.com;-27.211425;23.146349;;;;;;961279;961279;2100542;INEELENG PRIMARY SCHOOL;;;;;;;;;;;;;;
300044402;NC;HOËRSKOOL KATHU;JOHN TAOLO GAETSEWE;;Formally Opened;Operational;;Public;Ordinary School;Secondary;Govt;;K1;;;KATHU;8446;PRIVATE BAG X502;PRIVATE BAG X;KATHU;KATHU;8446;053;7231561;053;7231561;sams@hskathu.co.za;hskathunc@gmail.com;-27.69366;23.0477;;;;;;361610;361610;2044402;HOËRSKOOL KATHU;;;;;;;;;;;;;;
300012403;NC;THABANE HIGH SCHOOL;FRANCES BAARD;;Formally Opened;Operational;;Public;Ordinary School;Secondary;Govt;;F5;;Vergenoeg;Kimberley;8345;PO BOX 9022;PO BOX;Mankurwane;Vergenoeg;8345;053;8715719;082;4201270;thabanehs@ncdoe.school.za;thabanehschool@gmail.com;-28.71058;24.72151;;;;;;74304;970297;2012403;THABANE HIGH SCHOOL;;;;;;;;;;;;;;
300045209;NC;LAERSKOOL HOTAZEL;JOHN TAOLO GAETSEWE;;Formally Opened;Operational;;Public;Ordinary School;Combined;Mine;;K7;;;HOTAZEL;8490;PO BOX 14;PO BOX;;HOTAZEL;8490;053;7411287;071;7347088;lhotazel@ncdoe.school.za;info@hotazelcollege.com;-27.19812;22.95658;;;;;;361340;361340;2045209;Hotazel College;;;;;;;;;;;;;;
300034302;NC;HOËRSKOOL BRANDVLEI ;NAMAKWA;;Formally Opened;Operational;;Public;Ordinary School;Secondary;Govt;;4;;Brandvlei;Brandvlei;8915;PO BOX 148;PO BOX;BRANDVLEI;Brandvlei;8915;063;2939960;074;8775754;brandvleih@ncdoe.school.za;hsbrandvlei@gmail.com;-30.47175;20.49061;;;;;;346217;970963;2034302;BRANDVLEI HIGH SCHOOL;;;;;;;;;;;;;;
300100532;NC;IKEMELENG PRIMARY SCHOOL;JOHN TAOLO GAETSEWE;;Formally Opened;Operational;;Public;Ordinary School;Primary;Govt Education;;K1;;DIKHING VILLAGE;KURUMAN;8460;PO BOX 1038;PO BOX;DIKHING VILLAGE;KURUMAN;8460;062;9182047;072;9189817;ikemelengprimaryschool@gmail.com;motshabifreddy@gmail.com;-27.304208;23.778096;;;;;;961275;961275;2100532;Ikemeleng Primary School;;;;;;;;;;;;;;
300100561;NC;ITEKELENG PRIMARY SCHOOL;JOHN TAOLO GAETSEWE;;Formally Opened;Operational;;Public;Ordinary School;Primary;Govt;;K3;;KURUMAN;KURUMAN;8460;PO BOX 600;PO BOX;MOTHIBISTAD;KURUMAN;8474;079;0379255;082;6679115;;itekelengps2015@gmail.com;-27.048396;23.247913;;;;;;962253;962253;;;;;;;;;;;;;;;;
300013301;NC;DELPORTSHOOP INTERMEDIATE SCHOOL;FRANCES BAARD;;Formally Opened;Operational;;Public;Ordinary School;Intermediate;Govt;;F3;;Proteahof;Delportshoop;8377;PO BOX 31;PO BOX;Proteahof;Delportshoop;8377;053;0500012;082;4987467;delportshoopis@ncdoe.school.za;delportshoopintgmail@gmail.com;-28.41687;24.3221;;;;;;225300;970330;2013301;DELPORTSHOOP INTERMEDIATE SCHOOL;;;;;;;;;;;;;;
300010703;NC;JANNIE BRINK SCHOOL;FRANCES BAARD;;Formally Opened;Operational;;Public;Special Needs Education;Primary;Private;;F5;;Kenilworth;Kimberley;8301;PO BOX 814;PO BOX;Kenitworth;Kimberley;8300;053;8410139;053;8311514;janniebrink@ncdoe.school.za;info@janniebrink.co.za;-28.709612        ;24.787343            ;;;;;;215601;970281;;;;;;;;;;;;;;;;
300044205;NC;HTT BIDI MEMORIAL PRIMARY SCHOOL;ZF MGCAWU;;Formally Opened;Operational;;Public;Ordinary School;Primary;Govt;;S5;;BOICHOKO;POSTMASBURG;8420;PRIVATE BAG X3004;PRIVATE BAG X;BOICHOKO TOWNSHIP;POSTMASBURG;8420;073;6324520;073;6324520;httbidi@gmail.com;saptounorton@gmail.com;-28.320175;23.040906;;;;;;361040;970593;300044205;HTT BIDI MEMORIAL;;;;;;;;;;;;;;
300031207;NC;JOHAN HEIN PRIMÊRE SKOOL;NAMAKWA;;Formally Opened;Operational;;Public;Ordinary School;Primary;Church;;N1;;KUBOES;KUBOES;8292;PO BOX 10;PO BOX;KUBOES;KUBOES;8292;078;5453187;078;5453187;johanheinlaerskool@gmail.com;johanheinlaerskool@gmail.com;-28.44515;16.99063;;;;;;346772;346772;;;;;;;;;;;;;;;;
300100573;NC;ITLOTLENG COMMERCIAL SECONDARY SCHOOL;JOHN TAOLO GAETSEWE;;Formally Opened;Operational;;Public;Ordinary School;Secondary;Govt;;K 8;;BENDEL;KURUMAN;8460;STAND 10697;STAND;BENDELL;kuruman;8460;082;6637548;082;6637548;itlotlenghighschool@gmail.com;odsebuseng71@gmail.com;-26.998190;23.650174;;;;;;7961288;796;2100573;ITLOTLENG COMMERCIAL SEC SCHOOL;;;;;;;;;;;;;;Commercial
300100535;NC;IKETLELETSO INTERMEDIATE SCHOOL;JOHN TAOLO GAETSEWE;;Formally Opened;Operational;;Public;Ordinary School;Intermediate;Govt;;K5;;MOTHIBISTAD;MOTHIBISTAD;8474;PRIVATE BAG X104;PRIVATE BAG X;MOTHIBISTAD;MOTHIBISTAD;8474;053;0501709;082;8231328;gaborokwe@gmail.com;iketleletsomiddleschool@gmail.com;-27.393568;23.492670;;;;;;961284;961284;100535;IKETLELETSO ;;;;;;;;;;;;;;
300016404;NC;ROODEPAN HIGH  SCHOOL;FRANCES BAARD;;Formally Opened;Operational;;Public;Ordinary School;Secondary;Govt;;F5;;Roodepan;Kimberley;8301;CAMELIA STREET 10;CAMELIA STREET;Roodepan;Kimberley;8309;078;3105249;084;8324160;andrervanrooyen@live.co.za;andrervanrooyen@live.co.za;-28,659631;24,708515;;;;;;51615941;516194;2015404;Roodepan High School;;;;;;;;;;;;;;
300042304;NC;INTERMEDIÊRE SKOOL KALKSLOOT;ZF MGCAWU;;Formally Opened;Operational;;Public;Ordinary School;Intermediate;Govt;;S2;;KALKSLOOT;SESBRUGGE;8808;PO BOX 1420;PO BOX;KALKSLOOT;SESBRUGGE;8808;054;4913407;078;9727916;iskalksloot@gmail.com;;-28.5533;21.14992;;;;;;370266;503784;;;;;;;;;;;;;;;;
300100641;NC;KEATLHOLELA  PRIMARY  SCHOOL;JOHN TAOLO GAETSEWE;;Formally Opened;Operational;;Public;Ordinary School;Primary;Govt Education;;;;;kuruman;8460;PO BOX 1759;PO BOX;kuruman;kuruman;8460;079;5682721;079;5682721;keatlholelaprimary@gmail.com;selaotb@gmail.com;-27.292983;23.830433;;;;;;161414;161414;2100641;Keatlholela  Primary School;;;;;;;;;;;;;;
300100575;NC;ITSHOKENG PRIMARY SCHOOL;JOHN TAOLO GAETSEWE;;Formally Opened;Operational;;Public;Ordinary School;Primary;Govt;;K5;;ITSHOKENG PRIMARY SCHOOL;KURUMAN;8460;PO BOX 518;PO BOX;MAGOBING EAST;KURUMAN;8460;066;3233625;063;7117897;itshokeng@ncdoe.school.za;iforapeleng1@gmai.com;-26.870940;23.635110;;;;;;961268;961268;300100575;ITSHOKENG PRIMARY SCHOOL;;;;;;;;;;;;;;
300014209;NC;FLAMINGO PRIMARY SCHOOL;FRANCES BAARD;;Formally Opened;Operational;;Public;Ordinary School;Primary;Govt;;F8;;Homestead;Kimberley;8301;PO BOX 1371;PO BOX;Kimberley;Kimberley;8300;064;8040218;074;8777681;flamingops@ncdoe.school.za;flamingoprimary2018@gmail.com;-28.71069;24.74797;;;;;;2225170;970366;2014209;FLAMINGO PRIMARY SCHOOL;;;;;;;;;;;;;;
300100555;NC;ISAGONTLE FULL SERVICE SCHOOL;JOHN TAOLO GAETSEWE;;Formally Opened;Operational;;Public;Ordinary School;Primary;Govt;;;;MOTHIBISTAD;MOTHIBISTAD;8474;PO BOX 471;PO BOX;MOTHIBISTAD;MOTHIBISTAD;8474;053;0501708;082;4036883;isagontleps@ncdoe.gov.za;cynithianakedi@gmail.com;-27.402024;23.488694;;;;;;3961261;396126;2100555;ISAGONTLE FULL SERVICE SCHOOL;;;;;;;;;;;;;;
300041205;NC;JJ ADAMS INTERMEDIATE SCHOOL;ZF MGCAWU;;Formally Opened;Operational;;Public;Ordinary School;Intermediate;Govt;;S1;;ASKHAM;ASKHAM;8814;JJ ADAMS 100;JJ ADAMS;;ASKHAM;8814;054;5110063;071;4610231;dawidbenard@gmail.com;smithelize26@gmail.com;-26.98044;20.77421;;;;;;370304;370304;2048830;Askham Public Centre;;;;;;;;;;;;;;
300043309;NC;JG JANSEN INTERMEDIÊRE SKOOL;ZF MGCAWU;;Formally Opened;Operational;;Public;Ordinary School;Intermediate;Govt;;S3;;WEGDRAAI;GROBLERSHOOP;8850;PO BOX 277;PO BOX;WEGDRAAI;GROBLERSHOOP;8850;054;0650005;071;6061801;jansenjg12@gmail.com;jansenjg12@gmail.com;-28.8381;21.8651;;;;;;370274;970531;;;;;;;;;;;;;;;;
300017224;NC;JAN KEMPDORP PRIMARY SCHOOL;FRANCES BAARD;;Formally Opened;Operational;;Public;Ordinary School;Primary;Govt;;F1;;Valspan Location;Jankempdorp;8550;PO BOX 968;PO BOX;Valspan Location;Jankempdorp;8550;053;4561629;083;7653188;jankempdorpps@ncdoe.school.za;jkdsc@telkomsa.net;-27.913263;24.814914;;;;;;74622;117193;2017224;JANKEMPDORP PRIMARY SCHOOL;;;;;;;;;;;;;;
300032303;NC;JJ LAMBERT PRIMÊRE SKOOL ;NAMAKWA;;Formally Opened;Operational;;Public;Ordinary School;Primary;Govt;;N3;;MOOI UITSIG;GARIES;8220;PO BOX 37;PO BOX;GARIES;GARIES;8220;027;6521012;078;6613281;bruwayda1@gmail.com;psjjlambert@gmail.com;-30.572795;17.986217;;;;;;340197;970949;;;;;;;;;;;;;;;;
300024224;NC;Karoo Academy;PIXLEY-KA-SEME;;Formally Opened;Operational;;Independent;Ordinary School;Primary;NULL;;Kareeberg;;NULL;NULL;NULL;NULL;NULL;NULL;NULL;8925;053;3823716;NULL;NULL;akademiekaroo@gmail.com;NULL;-30.650408;24.007515;;;;;;930069478;NULL;NULL;NULL;;;;;;;;;;;;;;NULL
300100646;NC;KEGOMODITSWE HIGH SCHOOL;JOHN TAOLO GAETSEWE;;Formally Opened;Operational;;Public;Ordinary School;Secondary;Govt;;K5;;Kuruman;MADULA-RANCH;8460;PO BOX 2408;PO BOX;kuruman;KURUMAN;8460;072;3749244;072;3749244;kegomoditswess@ncdoe.school.za;jamesohetswe@gmail.com;-26.913405;23.941873;;;;;;961394;961394;2100646;KEGOMODITSWE SENIOR SECONDARY;;;;;;;;;;;;;;
300042225;NC;KEIMOES AKADEMIE;ZF MGCAWU;;Formally Opened;Operational;;Independent;Ordinary School;Primary;Trust Land;;S2;;;Keimoes;8860;PO BOX 886;PO BOX;Malanshoek;Keimoes;8860;087;1700203;073;1560893;keimoesakademie@gmail.com;keimoesakademie@gmail.com;;;;;;;;;;;;;;;;;;;;;;;;;
300100691;NC;KGONO PRIMARY SCHOOL;FRANCES BAARD;;Formally Opened;Operational;;Public;Ordinary School;Primary;Govt;;F5;;Pampierstad;Pampierstad;8566;PO BOX 129;PO BOX;Pampierstad;Pampierstad;8566;053;0501133;074;4106349;kgonops@ncdoe.school.za;kgonoprimaryschool@gmail.com;-27.783805;24.683856;;;;;;960970;100691;100691;20100691;;;;;;;;;;;;;;
300100715;NC;KHUIS INTERMEDIATE SCHOOL;JOHN TAOLO GAETSEWE;;Formally Opened;Operational;;Public;Ordinary School;Combined;Govt;;K4;;KURUMAN;KURUMAN;8460;PO BOX 164;PO BOX;KURUMAN;KURUMAN;8460;071;3795292;071;3795292;khuisis@ncdoe.school.za;khuisprimary68@gmail.com;-26.87823;23.0668;;;;;;962267;902268;200100715;KHUIS INTERMEDIATE SCHOOL;;;;;;;;;;;;;;
300014302;NC;KGABANG PRIMARY SCHOOL;FRANCES BAARD;;Formally Opened;Operational;;Public;Ordinary School;Primary;Govt;;F1;;Motswedimosa;Ritchie;8701;PO BOX 2554;PO BOX;Motswedimosa;Ritchie;8701;053;0011463;073;0494011;kgabangps@gmail.com;jgadam366@gmail.com;-29.02538;24.58826;;;;;;74615;970375;2014302;KGABANG PRIMARY SCHOOL;;;;;;;;;;;;;;
300032205;NC;KAMIESKROON LAERSKOOL;NAMAKWA;;Formally Opened;Operational;;Public;Ordinary School;Primary;Govt Education;;N3;;KAMIESKROON;KAMIESKROON;8241;PO BOX 20;PO BOX;KAMIESKROON;KAMIESKROON;8241;066;5657327;063;1686659;kamieskroonl@ncdoe.school.za;magda.basson3@gmail.com;-30.209535;17.937346;;;;;;309605;970942;;;;;;;;;;;;;;;;
300100629;NC;KAREEPAN PRIMARY SCHOOL;JOHN TAOLO GAETSEWE;;Formally Opened;Operational;;Public;Ordinary School;Primary;Govt;;K1;;KURUMAN;KURUMAN;8460;PO BOX 412;PO BOX;MOTHIBISTAD;MOTHIBISTAD;8474;072;5162744;083;8805587;kareepanps@ncdoe.school.za;kareepanprimary@gmail.com;-27.187802;23.875414;;;;;;961260;961260;2100629;KAREEPAN PRIMARY SCHOOL;;;;;;;;;;;;;;
300043304;NC;KAROS INTERMEDIATE SCHOOL;ZF MGCAWU;;Formally Opened;Operational;;Public;Ordinary School;Intermediate;Govt;;S3;;Karos;Upington;8819;PO BOX 1694;PO BOX;;Upington;8800;054;0650025;063;5626395;karosp67@gmail.com;julianaswartz29@gmail.com;-28.422991;21.614990;;;;;;370355;370355;;;;;;;;;;;;;;;;
300043232;NC;KAKAMAS PRIMARY SCHOOL;ZF MGCAWU;;Formally Opened;Operational;;Public;Ordinary School;Primary;Govt;;S4;;LANGVERWAG;KAKAMAS;8870;KAKAMAS PRIMARY SCHOOL 0;KAKAMAS PRIMARY SCHOOL;LANGVERWAG;KAKAMAS;8870;054;0501205;076;7951813;primaryschoolkkmas@gmail.com;waterdupien@gmail.com;-28.789287;20.633096;;;;;;972017;972017;;;;;;;;;;;;;;;;
300034305;NC;KENHARDT INTERMEDIÊRE SKOOL;ZF MGCAWU;;Formally Opened;Operational;;Public;Ordinary School;Intermediate;Govt;;S2;;PO BOX 22;KENHARDT;8900;PO BOX 22;PO BOX;KENHARDT;KENHARDT;8900;054;6510358;083;7927409;kenhardthigh@gmail.com;kenhardthigh@gmail.com;-29.347955;21.155020;;;;;;302070;970968;300034305;HIGH SCHOOL KENHARDT;;;;;;;;;;;;;;
300034307;NC;KENHARDT PRIMÊRE SKOOL;ZF MGCAWU;;Formally Opened;Operational;;Public;Ordinary School;Primary;Govt;;S2;;KENHARDT;KENHARDT;8900;PO BOX 36;PO BOX;KENHARDT;KENHARDT;8900;083;5266242;078;8183305;primaryschoolkenhardt@gmail.com;primaryschoolkenhardt@gmail.com;-29.344225;21.154521;;;;;;370040;970964;;;;;;;;;;;;;;;;
300045206;NC;KGOTATSANO PRIMARY SCHOOL;FRANCES BAARD;;Formally Opened;Operational;;Public;Ordinary School;Primary;Farm;;F2;;BLIKFONTEIN;BARKLY-WEST;8375;PO BOX 2507;PO BOX;KURUMAN;KURUMAN;8460;053;9550100;081;8068447;ktsanops@gmail.com;ktsanops@gmail.com;-27.829162;23.929199;;;;;;4361090;970647;300045206;KGOTATSANO INTERMEDIATE SCHOOL;;;;;;;;;;;;;;
300044217;NC;POSTDENE PRIMÊRE SKOOL;ZF MGCAWU;;Formally Opened;Operational;;Public;Ordinary School;Primary;Govt;;S5;;Postdene;POSTMASBURG;8420;PO BOX 1399;PO BOX;POSTDENE;POSTMASBURG;8420;053;3130163;072;9643035;lspostdene@gmail.com;andrewmejanie@webmail.co.za;-28.301055;23,084501;;;;;;338310;970617;;;;;;;;;;;;;;;;
300044206;NC;KHOSIS (MET) PRIMARY SCHOOL;ZF MGCAWU;;Formally Opened;Operational;;Public;Ordinary School;Primary;Govt;;S5;;JENN-HAVEN;POSTMASBURG;8420;PO BOX 1021;PO BOX;JENN-HAVEN;POSTMASBURG;8420;078;4926583;078;9036315;laerskoolkhosis@gmail.com;laerskoolkhosis@gmail.com;-28.22521;23.25129;;;;;;381120;970623;;;;;;;;;;;;;;;;
300012207;NC;KEVIN NKOANE PRIMARY SCHOOL;FRANCES BAARD;;Formally Opened;Operational;;Public;Ordinary School;Primary;Govt;;F2;;Verwoerd Park;Kimberley;8306;PO BOX 110346;PO BOX;Hadiso Park;Kimberley;8306;053;8612919;079;6846226;kevinnkoanps@ncdoe.school.za;ivansamuels05@gmail.com;-28.7376;24.73748;;;;;;209215;123456;;;;;;;;;;;;;;;;
300041207;NC;KLEIN MIER (VGK) PRIMÊRE SKOOL;ZF MGCAWU;;Formally Opened;Operational;;Public;Ordinary School;Primary;Govt;;S1;;KLEIN MIER;MIER;8811;PO BOX 156;PO BOX;;MIER;8811;054;5210018;083;4300748;laerskoolkleinmier@gmail.com;laerskoolkleinmier@gmail.com;-26.74006;20.275043;;;;;;376337;970557;;;;;;;;;;;;;;;;
300100754;NC;KONING PRIMARY SCHOOL;JOHN TAOLO GAETSEWE;;Formally Opened;Operational;;Public;Ordinary School;Primary;Govt;;K1;;MOTHIBISTAD;KURUMAN;8474;PO BOX 528;PO BOX;MOTHIBISTAD;KURUMAN;8460;072;5938969;084;7886279;`koningprimary@hotmail.com;vincentmolema@hotmail.com;-27.2795;23.478368;;;;;;962265;962265;;Koning Primary School;;;;;;;;;;;;;;
300045207;NC;KITLANYANG PRIMARY SCHOOL;JOHN TAOLO GAETSEWE;;Formally Opened;Operational;;Public;Ordinary School;Primary;Govt Education;;K5;;KURUMAN;KURUMAN;8460;PRIVATE BAG X1532;PRIVATE BAG X;PN Suit 383;KURUMAN;8460;068;1098340;079;4761867;kitlapri@gmail.com;kitlapri@gmail.com;-26.577731;22.863824;;;;;;361100;361100;2045207;KITLANYANG PRIMARY SCHOOL;;;;;;;;;;;;;;
300045216;NC;KOOPMANSFONTEIN PRIMARY SCHOOL;FRANCES BAARD;;Formally Opened;Operational;;Public;Ordinary School;Primary;Govt;;F2;;Koopmansfontein;Barkley-west;8391;PO BOX 20;PO BOX;Koopmansfontein;Barkley-west;8391;212;9943864;212;9388513;koopmansfonteinps@gmail.com;koopmansfonteinps@ncdoe.school.za;-28.204807;24.068260;;;;;;361050;123456;2045216;KOOPMANSFONTEIN PRIMARY SCHOOL;;;;;;;;;;;;;;
300011403;NC;KIMBERLEY GIRLS HIGH SCHOOL;FRANCES BAARD;;Formally Opened;Operational;;Public;Ordinary School;Secondary;Govt;;F7;;Belgravia;Kimberley;8301;9 ELSMERE ROAD 359;9 ELSMERE ROAD;Kimberley;Kimberley;8300;053;8321275;084;9194157;principal@kimberleygirlshigh.org.za;admin@kimberleygirlshigh.org.za;-28.74784;24.77821;;;;;;210216;970259;2011403;Kimberley Girls High School;;;;;;;;;;;;;;
300032203;NC;KLIPFONTEIN MET PRIMÊRE SKOOL;NAMAKWA;;Formally Opened;Operational;;Public;Ordinary School;Primary;Church;;N3;;KLIPFONTEIN;GARIES;8220;PO BOX 148;PO BOX;KLIPFONTEIN;GARIES;8220;071;1357227;072;1144983;klipfonteinmetps@gmail.com;ricardokock19@gmail.com;-30.48483;17.8905;;;;;;346608;551627;;;;;;;;;;;;;;;;
300014203;NC;KIMBERLEY JUNIOR SCHOOL;FRANCES BAARD;;Formally Opened;Operational;;Public;Ordinary School;Primary;Govt;;F7;;Monument Heights;Kimberley;8301;OBRIEN STREET 2;OBRIEN STREET;Monument Heights;Kimberley;8301;053;8332481;082;4618733;kjs@worldonline.co.za;kimberleyjps@ncdoe.school.za;-28.7545;24.76631;;;;;;209223;970359;2014203;KIMBERLEY JUNIOR SCHOOL;;;;;;;;;;;;;;
300100760;NC;KOPANO SECONDARY SCHOOL;JOHN TAOLO GAETSEWE;;Formally Opened;Operational;;Public;Ordinary School;Intermediate;Govt;;;;CASSEL;KURUMAN;8460;PO BOX 204;PO BOX;MOTHIBISTAD;KURUMAN;8474;073;2397623;073;2397623;kopanointer@gmail.com;kopanointer@gmail.com;-26.964372;23.982563;;;;;;003/961337;003/96;300100760;KOPANO INTERMEDIATE SCHOOL;;;;;;;;;;;;;;
300012304;NC;REAKANTSWE  SECONDARY SCHOOL;FRANCES BAARD;;Formally Opened;Operational;;Public;Ordinary School;Secondary;Govt;;F4;;Kutlwano;Windsorton;8510;PRIVATE BAG X252;PRIVATE BAG X;Kutlwano;Windsorton;8510;053;0501068;083;2632966;reakantswehs@gmail.com;reakantswehs@gmail.com;-28.33654;24.69337;;;;;;75305;300012;2012304;REAKANTSWE SECONDARY SCHOOL;;;;;;;;;;;;;;
300014402;NC;ST BONIFACE HIGH SCHOOL;FRANCES BAARD;;Formally Opened;Operational;;Independent;Ordinary School;Secondary;Church;;F6;;Kirstenhof;Kimberley;8301;PO BOX 615;PO BOX;Kirstenhof ;Kimberley;8300;071;3647037;071;6728027;sboniface927@gmail.com;ndondolo@webmail.co.za;-28.727339;24,736465;;;;;;99;99;2014402;ST BONIFACE HIGH SCHOOL;;;;;;;;;;;;;;
300106001;NC;KATHU REHOBOTH CHRISTIAN SCHOOL;JOHN TAOLO GAETSEWE;;Formally Opened;Operational;;Independent;Ordinary School;Combined;Govt;;K1;;Kathu;Kathu;8446;PO BOX 523;PO BOX;Kathu;Kathu;8446;053;7231933;078;2075422;kathu.rehoboth@gmail.com;leevdmer@gmail.com;-27,70351435;23,05619414;;;;;;;;;;;;;;;;;;;;;;;
300042203;NC;LAERSKOOL CURRIESCAMP;ZF MGCAWU;;Formally Opened;Operational;;Public;Ordinary School;Primary;Trust Land;;S2;;CURRIESCAMP;KEIMOES;8860;PO BOX 256;PO BOX;Curriescamp;KEIMOES;8860;054;4911085;054;4911085;laerskoolcurriescamp@gmail.com;jackiemaasdorp@gmail.com;-28.676530;21.038376;;;;;;376205;970605;;;;;;;;;;;;;;;;
300012206;NC;LAERSKOOL ANDALUSIA;FRANCES BAARD;;Formally Opened;Operational;;Public;Ordinary School;Primary;Govt Education;;F7;;Jankempdorp;Jan Kempdorp;8550;PO BOX 67;PO BOX;Jan Kempdorp;Jan Kempdorp;8550;053;4560504;078;4285983;lsa@jenny.co.za;noelventer9@gmail.com;-27.9121;24.841281;;;;;;209200;970301;300012206;Laerskool Andalusia;;;;;;;;;;;;;;
300100774;NC;K S SHUPING HIGH SCHOOL;JOHN TAOLO GAETSEWE;;Formally Opened;Operational;;Public;Ordinary School;Secondary;Govt;;K1;;TSINENG  VILLAGE;KURUMAN;8460;PO BOX 2483;PO BOX;TSINENG VILLAGE;KURUMAN;8460;053;7730001;079;0116739;ksshuping@gmail.com;thebeyaka01@gmail.com;-27.097625;23.088524;;;;;;961417;961417;2100774;K.S.SHUPING HIGH SCHOOL;;;;;;;;;;;;;;
300033204;NC;LAERSKOOL ELANDSVLEI;NAMAKWA;;Formally Opened;Operational;;Public;Ordinary School;Primary;Farm;;;;Calvinia;Calvinia;8190;PO BOX 426;PO BOX;Calvinia;Calvinia;8190;072;7979450;072;7979450;dchough@breede.co.za;e.vlei@hantam.co.za;-32.31887;19.55754;;;;;;5346098;005/34;;Laerskool Elandsvlei;;;;;;;;;;;;;;
300045402;NC;KUILSVILLE HIGH SCHOOL;ZF MGCAWU;;Formally Opened;Operational;;Public;Ordinary School;Secondary;Govt;;S5;;KUILSVILLE;DANIELSKUIL;8405;PO BOX 854;PO BOX;KUILSVILLE;DANIELSKUIL;8405;053;3840360;083;5896493;KHS.steenkamp@gmail.com;KHS.steenkamp@gmail.com;-28.189209;23.540581;;;;;;361210;970662;2045402;KUILSVILLE HIGH SCHOOL;;;;;;;;;;;;;;
300053201;NC;GAEGAKE PRIMARY SCHOOL;JOHN TAOLO GAETSEWE;;Formally Opened;Operational;;Public;Ordinary School;Primary;Govt;;K3;;MARUPING VILLAGE;MOTHIBISTAD;8474;PRIVATE BAG X110;PRIVATE BAG X;MARUPING VILLAGE;MOTHIBISTAD;8474;083;8233015;064;9027169;gaegakeps@gmail.com;gaegakeps@gmail.com;-27.363743;23.380386;;;;;;962403;962403;2053201;Gaegake Primary;;;;;;;;;;;;;;
300031208;NC;LAERSKOOL GAFFIE MAREE;NAMAKWA;;Formally Opened;Operational;;Public;Ordinary School;Primary;Mine;;;;ALEXANDERBAAI;Alexanderbaai;8290;PO BOX 261;PO BOX;ALEXANDERBAAI;Alexanderbaai;8290;027;8311536;083;6477882;Gaffiemaree@gmail.com;wimpieraman84@gmail.com;-28.597166;16.484776;;;;;;309248;971023;;;;;;;;;;;;;;;;
300044212;NC;LAERSKOOL SAAMBOU;ZF MGCAWU;;Formally Opened;Operational;;Public;Ordinary School;Primary;Farm;;S5;;;OLIFANTSHOEK;8450;POSBUS 229;;;OLIFANTSHOEK;8450;083;2637685;084;3420313;saambouls@gmail.com;claudiasmith846@gmail.com;-28.019656;22.463277;;;;;;361450;970605;;;;;;;;;;;;;;;;
300033221;NC;KLEINZEE SENTRUM VIR LEER EN ONTWIKKELING;NAMAKWA;;Formally Opened;Operational;;Public;Special Needs Education;Primary;Mine;;1;;Kleinzee;Kleinzee;8282;PO BOX 10;PO BOX;Kleinzee;Kleinzee;8282;027;8770045;027;8770045;kleinseeschool@gmail.com;reception_kslo@outlook.com;-29.676520;17.071296;;;;;;970957;970957;;;;;;;;;;;;;;;;MST Grants
300017202;NC;LAERSKOOL HARTSWATER ;FRANCES BAARD;;Formally Opened;Operational;;Public;Ordinary School;Primary;Govt Education;;F7;;Hartswater;Hartswater;8570;PO BOX 162;PO BOX;Hartswater;Hartswater;8570;053;4740251;074;3054472;lhartswater@ncdoe.school.za;lshw@hartsies.co.za;-27.75091;24.80396;;;;;;209216;970441;2017202;LAERSKOOL HARTSWATER ;;;;;;;;;;;;;;
300100821;NC;LEBANG SECONDARY SCHOOL;JOHN TAOLO GAETSEWE;;Formally Opened;Operational;;Public;Ordinary School;Secondary;Govt;;K3;;MOTHIBISTAD;KURUMAN;8474;PO BOX 320;PO BOX;MOTHIBISTAD;KURUMAN;8474;071;5393958;083;4131092;lebangsschool10@gmail.com;lebangss@ncdoe.school.za;-27.36116;23.45811;;;;;;961423;961423;2100821;LEBANG MIDDLE SCHOOL;;;;;;;;;;;;;;
300041210;NC;LAERSKOOL ORANJE-NOORD;ZF MGCAWU;;Formally Opened;Operational;;Public;Ordinary School;Primary;Govt;;S3;;Middelpos;Upington;8801;Posbus 393;Posbus;Upington;;8800;054;3323776;054;3323847;admin@oranje-noord.co.za;admin.lon@lantic.co.za;-28.44756;21.26197;;;;;;361430;361430;;;;;;;;;;;;;;;;0
300031202;NC;CONCORDIA PRIMÊRE SKOOL;NAMAKWA;;Formally Opened;Operational;;Public;Ordinary School;Primary;Govt;;N2;;Concordia;CONCORDIA;8271;CONCORDIA 565;CONCORDIA;CONCORDIA;CONCORDIA;8271;027;7316767;027;7316767;conprim@mailmax.co.za;conprim@mailmax.co.za;-29.54667;17.95086;;;;;;346683;971017;300031202;Concordia Laerskool;;;;;;;;;;;;;;
300100769;NC;KP TOTO TECHNICAL AND COMMERCIAL SECONDARY SCHOOL;JOHN TAOLO GAETSEWE;;Formally Opened;Operational;;Public;Ordinary School;Secondary;Govt;;K4;;BATLHAROS;BATLHAROS;8476;PO BOX 328;PO BOX;MOTHIBISTAD;MOTHIBISTAD;8474;066;0712213;073;4134141;kptototcss@ncdoe.school.za;kptotohigh@gmail.com;-27.293350;23.326179;;;;;;961387;961387;2100769;KP TOTO TECHNICAL AND COMMERCIAL SECONDARY SCHOOL;;;;;;;;;;;;;;Comprehensive
300043214;NC;LAERSKOOL SENTRAAL KAKAMAS;ZF MGCAWU;;Formally Opened;Operational;;Public;Ordinary School;Primary;Govt;;S4;;Kakamas;Kakamas;8870;Voortrekkerstraat 37;Voortrekkerstraat;Kakamas;Kakamas;8870;054;4310883;054;4310883;admin@lskskool.co.za;finansies@lskskool.co.za;-28.771966;20.619318;;;;;;361350;970535;;;;;;;;;;;;;;;;0
300017203;NC;LAERSKOOL WARRENTON;FRANCES BAARD;;Formally Opened;Operational;;Public;Ordinary School;Primary;Govt;;F7;;Warrenton;Warrenton;8530;PO BOX 78;PO BOX;Warrenton;Warrenton;8530;053;4973553;071;4719747;lwarrenton@ncdoe.school.za;warrenton@telkomsa.net;-28.10999;24.85123;;;;;;209275;673108;2017203;LAERSKOOL WARRENTON;;;;;;;;;;;;;;
300011221;NC;OREL PRIVATE ACADEMY;FRANCES BAARD;;Formally Opened;Operational;;Independent;Ordinary School;Combined;Govt;;F8;;South Ridge;Kimberley;8301;Memorial Road;Memorial Road;South Ridge;Kimberley;8301;061;7793266;061;7793266;info@orelprivateacademy.co.za;finances@orelprivateacademy.co.za;-28.752106;24.760585;;;;;;0;0;?;?;;;;;;;;;;;;;;0
300013215;NC;OLYMPIC PRIMARY SCHOOL;FRANCES BAARD;;Formally Opened;Operational;;Public;Ordinary School;Primary;Govt Education;;F4;;Kimberley;Gemdene;8301;PO BOX 1692;PO BOX;Kimberley;Gemdene;8300;053;8741761;084;5074281;Olympicprimary@gmail.com;archiejack154@gmail.com;-28.725105;24.753021;;;;;;225150;970339;2013215;OLYMPIC PRIMARY SCHOOL ;;;;;;;;;;;;;;
300032306;NC;LELIEFONTEIN LAERSKOOL;NAMAKWA;;Formally Opened;Operational;;Public;Ordinary School;Primary;Govt;;3;;Kamiesberg;Leliefontein;8261;PO BOX 115;PO BOX;Kamieskroon;Kamieskroon;8241;071;0938762;071;0938762;leliefonteinskool@gmail.com;priscillacadams@gmail.com;-30.31409;18.08247;;;;;;3000340081;300034;300032306;Leliefontein Primary School;;;;;;;;;;;;;;
300043213;NC;LAERSKOOL GROBLERSHOOP;ZF MGCAWU;;Formally Opened;Operational;;Public;Ordinary School;Primary;Govt;;S3;;GROBLERSHOOP;GROBLERSHOOP;8850;PO BOX 75;PO BOX;GROBLERSHOOP;GROBLERSHOOP;8850;054;8330121;054;8330121;grobbieskool@lantic.net;grobbieskool@gigs.co.za;-28.89601;21.98881;;;;;;0004/36133;970585;;LAERSKOOL GROBLERSHOOP;;;;;;;;;;;;;;
300017303;NC;CW KIES INTERMEDIÊRE SKOOL;FRANCES BAARD;;Formally Opened;Operational;;Public;Ordinary School;Intermediate;Govt;;F7;;Bonitapark;Hartswater;8570;PO BOX 108;PO BOX;Bonitapark;Hartswater;8570;083;4332701;084;4332701;cwkiesprimary@gmail.com;greeff.margot@gmail.com;-27.74008;24.80965;;;;;;225610;970424;300017303;C W Kies Intermediate School;;;;;;;;;;;;;;
300043216;NC;LAERSKOOL WILGENHOUTSDRIF;ZF MGCAWU;;Formally Opened;Operational;;Public;Ordinary School;Primary;Govt;;S3;;WILGENHOUTSDRIF;GROOTDRINK;8822;SCHOOL 1;SCHOOL;GROOTDRINK;GROOTDRINK;8822;054;7410085;073;4893926;martha.martin95@yahoo.com;martha.martin95@yahoo.com;-28.5206;21.73242;;;;;;361510;970587;300043216;;;;;;;;;;;;;;;
300032211;NC;LEPELSFONTEIN R.K. LAERSKOOL;NAMAKWA;;Formally Opened;Operational;;Public;Ordinary School;Primary;Church;;;;Lepelsfontein;Lepelsfontein;8200;PO BOX 97;PO BOX;Lepelsfontein;Lepelsfontein;8200;027;6325065;027;6325065;lepelsfonteinl@ncdoe.school.za;;-31.045116;17.845881;;;;;;310269;971026;;;;;;;;;;;;;;;;
300100840;NC;LEHIKENG PRIMARY SCHOOL;JOHN TAOLO GAETSEWE;;Formally Opened;Operational;;Public;Ordinary School;Primary;Govt;;K1;;KURUMAN;KURUMAN;8460;PO BOX 183;PO BOX;MOTHIBISTAD;MOTHIBISTAD;8474;079;9485146;079;9485146;lehikengpschool@gmail.com;lehikengpschool@gmail.com;-27.11715;23.04266;;;;;;961301;961301;2100840;LEHIKENG PRIMARY;;;;;;;;;;;;;;
300042308;NC;LION OF JUDAH;ZF MGCAWU;;Formally Opened;Operational;;Independent;Ordinary School;Combined;Private;;S3;;Upington CBD;UPINGTON;8801;PO BOX 237;PO BOX;Upington CBD;UPINGTON;8801;079;5743290;079;5743290;lionofjudahacademy2@gmail.com;ljvshappyblessed@gmail.com;-28,44143;21,263569;;;;;;;;;;;;;;;;;;;;;;;
300045404;NC;CVO KALAHARI AKADEMIESE HOERSKOOL;JOHN TAOLO GAETSEWE;;Formally Opened;Operational;;Independent;Ordinary School;Combined;Private Company;;;;;Olifantshoek;8450;PLAAS NEYLAN 0;PLAAS NEYLAN;;Olifantshoek;8450;053;3310766;066;4188571;;ilsevanwyk62@gmail.com;-27,92621732;22,7359039;;;;;;;;;;;;;;;;;;;;;;;
300015403;NC;KIMBERLEY BOYS' HIGH SCHOOL;FRANCES BAARD;;Formally Opened;Operational;;Public;Ordinary School;Secondary;Govt;;F8;;Memorial Road Area;Kimberley;8301;PO BOX 451;PO BOX;Kimberley;Kimberley;8300;053;8332684;066;4860110;boyshigh@mweb.co.za;headmaster@kbhs.co.za;-28.74938;24.7686;;;;;;210214;970371;2015403;Kimberley Boys' High School;;;;;;;;;;;;;;
300034308;NC;PELLA RK INTERMEDIÊRE SKOOL;NAMAKWA;;Formally Opened;Operational;;Public;Ordinary School;Intermediate;Church;;;;Pella;Pella;8891;PO BOX 64;PO BOX;Pella;Pella;8891;078;5845210;078;8233503;pella.laerskool@gmail.com;ags.pella@gmail.com;-29.031299;19,154573;;;;;;35007;500;;;;;;;;;;;;;;;;
300042403;NC; HOËRSKOOL SAUL DAMON ;ZF MGCAWU;;Formally Opened;Operational;;Public;Ordinary School;Secondary;Govt;;S3;;BELLVUE;UPINGTON ;8801;PO BOX 1251;PO BOX;UPINGTON;UPINGTON;8800;054;3391855;083;9620414;;hssauldamon@gmail.com;-28.46688;21.20715;;;;;;373362;970571;2042403;SAUL DAMON HIGH SCHOOL ;;;;;;;;;;;;;;
300100971;NC;MADIBENG PRIMARY SCHOOL;JOHN TAOLO GAETSEWE;;Formally Opened;Operational;;Public;Ordinary School;Primary;Govt;;K4;;MADIBENG;KURUMAN;8460;PO BOX 1272;PO BOX;KURUMAN;KURUMAN;8460;072;4524843;072;4524843;madibengps@ncdoe.school.za;madibengps111@gmail.com;-26.578783333;22.860133333;;;;;;962254;962254;2100971;MADIBENG PRIMARY SCHOOL;;;;;;;;;;;;;;
300041211;NC;LOUBOS (VGK) PRIMÊRE SKOOL;ZF MGCAWU;;Formally Opened;Operational;;Public;Ordinary School;Primary;Govt;;S1;;Loubos;Mier;8811;PO BOX 16;PO BOX;Loubos;Mier;8811;071;8843268;071;8843268;loubosps@gmail.com;duplessismarina1@gmail.com;-26.71371;20.11266;;;;;;376361;970558;;;;;;;;;;;;;;;;
300043218;NC;LUTZBURG (SSKV) INTERMEDIÊRE SKOOL;ZF MGCAWU;;Formally Opened;Operational;;Public;Ordinary School;Intermediate;Govt;;S4;;Lutzburg;Kakamas;8870;PO BOX 123;PO BOX;Lutzburg;Kakamas;8870;074;1995477;076;3702792;lutzburgsch@gmail.com;lutzburgsch@gmail.com;-28.744362;20.630662;;;;;;0004/37645;970608;;;;;;;;;;;;;;;;
300015201;NC;BEACON PRIMARY SCHOOL;FRANCES BAARD;;Formally Opened;Operational;;Public;Ordinary School;Primary;Govt;;F4;;Colville ;Kimberley;8300;PO BOX 2007;PO BOX;Colville                       ;Kimberley;8301;053;8741092;053;8741092;beaconps@ncdoe.school.za;beaconprimary@gmail.com;-28.710892;24.754328;;;;;;225210;122323;2015201;BEACON PRIMARY SCHOOL;;;;;;;;;;;;;;
300100817;NC;LARENG PRIMARY SCHOOL;JOHN TAOLO GAETSEWE;;Formally Opened;Operational;;Public;Ordinary School;Primary;Govt;;K8;;SEODING;SEODING;8474;PO BOX 78;PO BOX;MOTHIBISTAD;MOTHIBISTAD;8474;053;1500958;081;0775004;larengps@ncdoe.school.za;larengprimary@gmail.com;-27.385551;23.433533;;;;;;961402;961402;2100817;LARENG PRIMARY SCHOOL;;;;;;;;;;;;;;
300033211;NC;LOERIESFONTEIN HOËRSKOOL;NAMAKWA;;Formally Opened;Operational;;Public;Ordinary School;Secondary;Govt;;4;;LOERIESFONTEIN;LOERIESFONTEIN;8185;PO BOX 155;PO BOX;LOERIESFONTEIN;LOERIESFONTEIN;8185;066;0776156;082;3712934;sekkieloeries@gmail.com;kock.elizabeth87@gmail.com;-30.951180;19.436848;;;;;;0005/30935;0;2033211;LOERIESFONTEIN HOËRSKOOL;;;;;;;;;;;;;;
300042210;NC;LOXTONVALE PRIMÊRE SKOOL;ZF MGCAWU;;Formally Opened;Operational;;Public;Ordinary School;Primary;Farm;;S4;;EENDUIN;KEIMOES;8860;PO BOX 326;PO BOX;;KEIMOES;8860;073;5763464;071;6732169;lxv42210@gmail.com;lxv42210@gmail.com;-28.707353;20.880951;;;;;;376818;970606;;;;;;;;;;;;;;;;
300043231;NC;LOUISVALE PRIMARY SCHOOL;ZF MGCAWU;;Formally Opened;Operational;;Public;Ordinary School;Intermediate;Govt;;S2;;LOUISEVALE ROAD;LOUISEVALE ROAD;8801;PO BOX 1448;PO BOX;UPINGTON;UPINGTON;8800;082;5959800;082;5959800;louisvaleis@gmail.com;louisvaleadmis@gmail.com;-28.484022;21.278853;;;;;;972016;972016;300043231;LOUISVALE INTERMEDIATE SCHOOL;;;;;;;;;;;;;;
300014401;NC;LETSHEGO PRIMARY SCHOOL;FRANCES BAARD;;Formally Opened;Operational;;Public;Ordinary School;Primary;Govt;;F4;;Mankurwane;Kimberley;8345;PO BOX 9035;PO BOX;Mankurwane;Kimberley;8345;053;8711187;083;3390396;letshegops@ncdoe.school.za;neodichaba@ncdoe.school.za;-28.7009;24.71699;;;;;;74305;833356;2014401;LETSHEGO PRIMARY SCHOOL;;;;;;;;;;;;;;
300100923;NC;LONGHURST PRIMARY SCHOOL;JOHN TAOLO GAETSEWE;;Formally Opened;Operational;;Public;Ordinary School;Primary;Govt;;K5;;DITLHARAPENG;KURUMAN;8460;PO BOX 343;PO BOX;DITLHARAPENG;MOTHIBISTAD;8474;072;1730530;082;2992173;longhurstps923@gmail.com;phakedimosimanethebe@gmail.com;-26.848484;23.575389;;;;;;961311;961311;300100923;LONGHURST ;;;;;;;;;;;;;;
300033305;NC;LOERIESFONTEIN LAERSKOOL;NAMAKWA;;Formally Opened;Operational;;Public;Ordinary School;Primary;Govt;;4;;LOERIESFONTEIN;LOERIESFONTEIN;8185;PO BOX 6;PO BOX;LOERIESFONTEIN;LOERIESFONTEIN;8185;078;1439171;078;1439171;;crieboj77@gmail.com;-30.956593;19.445323;;;;;;005/340138;0;33305;Loeriesfontein Laerskool;;;;;;;;;;;;;;
300033209;NC;LAERSKOOL CALVINIA;NAMAKWA;;Formally Opened;Operational;;Public;Ordinary School;Primary;Govt;;N4;;CALVINIA;Calvinia;8190;PO BOX 268;PO BOX;Calvinia;Calvinia;8190;027;3411029;084;2055552;lschoof@calvinianet.co.za;lscadmin@calvinianet.co.za;-31.470569;19.776603;;;;;;309220;970987;;;;;;;;;;;;;;;;
300043204;NC;CILLIE (NGK) PRIMÊRE SKOOL;ZF MGCAWU;;Formally Opened;Operational;;Public;Ordinary School;Intermediate;Church;;S4;;KAKAMAS;CILLIE;8870;PO BOX 230;PO BOX;KAKAMAS;CILLIE;8870;084;4661048;078;3461515;cillie.ps@gmail.com;cjmuntz@gmail.com;-28.73791;20.58092;;;;;;376442;970633;;;;;;;;;;;;;;;;
300017404;NC;MOGOMOTSI SECONDARY SCHOOL;FRANCES BAARD;;Formally Opened;Operational;;Public;Ordinary School;Secondary;Govt;;F6;;Ikhutseng;Warrenton;8530;PO BOX 332;PO BOX;Warrenton;Warrenton;8530;027;7677046;084;2821103;mogomotsihighschool@gmail.com;profmohoerane@gmail.com;-28.12971;24.85573;;;;;;75301;970417;2017404;MOGOMOTSI;;;;;;;;;;;;;;
300101010;NC;MAIPEING PRIMARY SCHOOL             ;JOHN TAOLO GAETSEWE;;Formally Opened;Operational;;Public;Ordinary School;Primary;Govt Education;;;;KURUMAN;KURUMAN;8460;PO BOX 825;PO BOX;KURUMAN;KURUMAN;8460;078;8839321;072;7769321;maipeingps2017@gmail.com;moroba.wame@gmail.com;-27.13489;23.12236;;;;;;961233;300101;2101010;Maipeing Primary School;;;;;;;;;;;;;;
300101030;NC;MAKGOLOKWE SECONDARY SCHOOL;JOHN TAOLO GAETSEWE;;Formally Opened;Operational;;Public;Ordinary School;Secondary;Govt;;K3;;TAKENG SECTION;BATLHAROS VILLAGE;8476;PRIVATE BAG X1513;PRIVATE BAG X;BATLHAROS;KURUMAN;8460;066;4760274;082;0810660;Makgolokwess@ncdoe.School.za;makgolokwess@gmail.com;-27.304901;23.346994;;;;;;961277;961277;2101030;MAKGOLOKWE SECONDARY SCHOOL;;;;;;;;;;;;;;
300101099;NC;March Primary School;JOHN TAOLO GAETSEWE;;Formally Opened;Operational;;Public;Ordinary School;Primary;Govt Education;;;;Kuruman;Kuruman;8460;PO BOX 1907;PO BOX;Kuruman;Kuruman;8460;082;8106952;082;8106952;aselerk1@gmail.com;marchprimaryschool@gmail.com;-26.84956;23.04898;;;;;;962270;962270;300101099;MARCH PRIMARY SCHOOL;;;;;;;;;;;;;;
300032206;NC;MARAIS GEDENK PRIMÊRE SKOOL;NAMAKWA;;Formally Opened;Operational;;Public;Ordinary School;Primary;Govt;;N3;;Hondeklipbaai;Hondeklipbaai;8222;PO BOX 20;PO BOX;Hondeklipbaai;Hondeklipbaai;8222;072;1964465;081;5321351;maraisgedenk0@gmail.com;ncdoe@school.za;-30.318434;17.282090;;;;;;346543;518454;;;;;;;;;;;;;;;;
300104003;NC;MAOKA PRIMARY SCHOOL;JOHN TAOLO GAETSEWE;;Formally Opened;Operational;;Public;Ordinary School;Primary;Govt Education;;K8;;KURUMAN;KURUMAN;8460;PO BOX 4423;PO BOX;BATLHAROS;BATLHAROS;8476;066;3530131;066;3530131;maokaps@gmail.com;banabotletlhaole@gmail.com;-27.090937;23.095752;;;;;;962409;9472;2104003;MAOKA PRIMARY SCHOOL;;;;;;;;;;;;;;
300101163;NC;MATSHANENG INTERMEDIATE SCHOOL;JOHN TAOLO GAETSEWE;;Formally Opened;Operational;;Public;Ordinary School;Intermediate;Govt;;K2;;MOTHIBISTADT;KURUMAN;8460;PO BOX ;PO BOX;MOTHIBISTADT;MOTHIBISTADT;8474;060;0107700;082;2185998;matshanengis@ncdoe.school;matshanengpr@gmail.com;-27.069249;23.757468;;;;;;961350;961350;2101163;MATSHANENG INTERMEDIATE SCHOOL;;;;;;;;;;;;;;
300101105;NC;MAREMANE PRIMARY SCHOOL;JOHN TAOLO GAETSEWE;;Formally Opened;Operational;;Public;Ordinary School;Primary;Govt;;;;P O BOX 642;KURUMAN;8460;PO BOX 642;PO BOX;KURUMAN;KURUMAN;8460;066;5902952;082;8380499;masianejeanette@gmail.com;maremaneprimary@gmail.com;-26.825941;23.202204;;;;;;961236;961236;2101105;MAREMANE PRIMARY SCHOOL;;;;;;;;;;;;;;
300032307;NC;MATJIESKLOOF INTERMEDIÊRE SKOOL;NAMAKWA;;Formally Opened;Operational;;Public;Ordinary School;Intermediate;Govt Education;;;;MATJIESKLOOF;SPRINGBOK;8240;PO BOX 39;PO BOX;MATJIESKLOOF;SPRINGBOK;8240;027;7181083;027;7181083;;matjieskloof02@gmail.com;-28.703601;24.724412;;;;;;5346675;970935;;;;;;;;;;;;;;;;
300101090;NC;MAPOTENG PRIMARY SCHOOL;JOHN TAOLO GAETSEWE;;Formally Opened;Operational;;Public;Ordinary School;Primary;Govt;; K1;;SEUTLWETSE STREET;MOTHIBISTAD;8474;PO BOX 102;PO BOX;MOTHIBISTAD;MOTHIBISTAD;8474;073;4699302;073;4699302;mapotengps@ncdoe.school.za;mapotengps@gmail.com;-27.385910;23.513045;;;;;;50110;50110;2101090;MAPOTENG PRIMARY;;;;;;;;;;;;;;
300100999;NC;MAHIKANENG PRIMARY SCHOOL;JOHN TAOLO GAETSEWE;;Formally Opened;Operational;;Public;Ordinary School;Primary;Govt;;K3;;MOTHIBISTAD;KURUMAN;8460;PO BOX 186;PO BOX;MOTHIBISTAD     ;MOTHIBISTAD;8474;060;8534149;082;2964802;mahikaneng@ncdoe.school.za;pnlekgetho@gmail.com;-27.379515;23.389883;;;;;;961299;961299;2100999;MAHIKANENG PRIMARY SCHOOL;;;;;;;;;;;;;;
300101004;NC;MAIKAELELO INTERMEDIATE SCHOOL;JOHN TAOLO GAETSEWE;;Formally Opened;Operational;;Public;Ordinary School;Intermediate;Govt Other;;K8;;MAGOJANENG VILLAGE;KURUMAN;8474;PO BOX 581;PO BOX;MOTHIBISTAD;kuruman;8474;053;2850819;079;4588694;maikaelelois@ncdoe.schools.za;maikaelelointer.sch@gmail.com;-27.383714;23.460656;;;;;;961329;961329;2101004;MAIKAELELO INTERMEDIATE;;;;;;;;;;;;;;
300101063;NC;MAMPESTAD PRIMARY SCHOOL;JOHN TAOLO GAETSEWE;;Formally Opened;Operational;;Public;Ordinary School;Primary;Govt;;K6;;KURUMAN;KURUMAN;8460;PO BOX 919;PO BOX;KURUMAN;KURUMAN;8460;072;2205036;072;2205036;abantsheng70@gmail.com;mampestadprimaryschool512@gmail.com;-26.785005;23.351358;;;;;;961310;961310;2101063;MAMPESTAD PRIMARY SCHOOL;;;;;;;;;;;;;;
300101056;NC;MAMASILO INTERMEDIATE SCHOOL;JOHN TAOLO GAETSEWE;;Formally Opened;Operational;;Public;Ordinary School;Intermediate;Govt Education;;K5;;MADIBENG;KURUMAN;8460;PO BOX 464;PO BOX;MADIBENG;KURUMAN;8460;072;9849499;072;9849499;mamasilois@ncdoe.school.za;hsmamasilo2020@gmail.com;-26.57775;22.863783333;;;;;;961424;961424;2101056;MAMASIL INTERMEDIATE SCHOOL;;;;;;;;;;;;;;
300033307;NC;MALHERBE HUMAN INTERMEDIÊRE SKOOL;NAMAKWA;;Formally Opened;Operational;;Public;Ordinary School;Intermediate;Govt;;N4;;FRASERBURG;FRASERBURG;6960;PO BOX 67;PO BOX;FRASERBURG;FRASERBURG;6960;062;3147291;062;3147291;;fraserburgps@rante.gmail.com;-31.904455;21.511502;;;;;;005/350020;970962;;;;;;;;;;;;;;;;
300101061;NC;MAMORATWA INTERMEDIATE SCHOOL;JOHN TAOLO GAETSEWE;;Formally Opened;Operational;;Public;Ordinary School;Intermediate;Govt;;K3;;Seven miles;KURUMAN;8460;PO BOX 405;PO BOX;MOTHIBISTAD;MOTHIBISTAD;8474;072;2489504;072;2489504;mamoratwais@ncdoe.school.za;mamoratwams@gmail.com;-27.378933;23.389577;;;;;;003/961398;003/96;2101061;Mamoratwa Intermediate  School;;;;;;;;;;;;;;
300040701;NC;MARCUS MBETHA SINDISA SECURE CARE CENTRE;ZF MGCAWU;;Formally Opened;Operational;;Public;Special Needs Education;Combined;Govt;;S3;;Bellvue;Upington;8800;PO BOX ;PO BOX;Upington;Upington;8800;054;3392246;082;8727118;mmbetha01@gmail.com;dklaasen96@gmail.com;-28.470245             ;21.208345         ;;;;;;361800;971066;;;;;;;;;;;;;;;;Comprehensive
300016212;NC;MANKURWANE INTERMEDIATE SCHOOL;FRANCES BAARD;;Formally Opened;Operational;;Public;Ordinary School;Primary;Govt;;F6;;Vergenoeg;Kimberley;8345;PO BOX 9007;PO BOX;Mankurwane;Kimberley;8345;053;8745053;082;2600371;mankurwane@gmail.com;mogorosirupi@gmail.com;-28.70684;24.72871;;;;;;74306;74306;300016212;NC EDUCATION DEPT;;;;;;;;;;;;;;
300101121;NC;MARUMO INTERMEDIATE SCHOOL;JOHN TAOLO GAETSEWE;;Formally Opened;Operational;;Public;Ordinary School;Intermediate;Govt;;;;KURUMAN;KURUMAN;8460;PO BOX 656;PO BOX;KURUMAN;KURUMAN;8460;078;3762527;078;3762527;marumointer@gmail.com;marumois@ncdoe.school.za;-27.187807;23.875435;;;;;;961324;961324;2101121;MARUMO INTERMEDIATE SCHOOL;;;;;;;;;;;;;;
300101196;NC;METSEMANTSI PRIMARY SCHOOL;JOHN TAOLO GAETSEWE;;Formally Opened;Operational;;Public;Ordinary School;Primary;Govt;;K1;;Metsimantsi village;KURUMAN;8460;PO BOX 2509;PO BOX;WYK3;KURUMAN;8460;082;0685868;082;0656858;metsimantsips@ncdoe.school.za;metsimantsi@gmail.com;-26.944374;23.162706;;;;;;961243;961243;21101196;Metsemantsi Primary School;;;;;;;;;;;;;;
300041401;NC;AJ FERREIRA SEKONDÊRE SKOOL;ZF MGCAWU;;Formally Opened;Operational;;Public;Ordinary School;Secondary;Govt;;S1;;Extention 41;Upington;8801;PO BOX 1829;PO BOX;Upington;Upington;8800;054;3391848;076;4040898;;ajferreirahs@gmail.com;-28.45136;21.20117;;;;;;373389;970546;20004140;Department of Education;;;;;;;;;;;;;;
300010708;NC;HUIS MIMOSA PRIMER SKOOL;FRANCES BAARD;;Formally Opened;Operational;;Public;Special Needs Education;Primary;Govt;;F5;;Kimbeley;Galeshewe;8345;PO BOX 2173;PO BOX;Kimberley;Kimberley;8300;053;8712594;082;4534635;huismimosa@telkomsa.net;;-28.718748              ;24.749189                 ;;;;;;226090;970284;2010708;Huis Mimosa Special School;;;;;;;;;;;;;;
300101098;NC;MARATADITSE PRIMARY SCHOOL;JOHN TAOLO GAETSEWE;;Formally Opened;Operational;;Public;Ordinary School;Primary;Govt;;K1;;Mothibistad;MOTHIBISTAD;8474;PO BOX 1878;PO BOX;KURUMAN;KURUMAN;8460;076;8967510;071;3487105;tinykies@gmail.com;marataditseps@gmail.com;-27.292853;23.386953;;;;;;2101961410;961410;2101098;MARATADITSE PRIMARY SCHOOL;;;;;;;;;;;;;;
300101079;NC;MANYEDING PRIMARY SCHOOL;JOHN TAOLO GAETSEWE;;Formally Opened;Operational;;Public;Ordinary School;Primary;Govt;;K2;;MANYEDING;KURUMAN;8460;PO BOX 2426;PO BOX;KURUMAN;KURUMAN;8460;082;9349958;082;9349958;manyedingpri@gmail.com;manyedingpri@gmail.com;-27.496388;23.685113;;;;;;300961235;300961;2101079;Manyeding Primary School;;;;;;;;;;;;;;
300042212;NC;MCTAGGARTSKAMP (RK) PRIMÊRE SKOOL;ZF MGCAWU;;Formally Opened;Operational;;Public;Ordinary School;Primary;Church;;S2;;MCTAGGARTSKAMP;UPINGTON;8805;PO BOX 1;PO BOX;MCTAGGARTSKAMP;UPINGTON;8805;054;4911329;061;9397957;mctaggartskamp@gmail.com;kjbeukes@gmail.com;-28.602765,;21.119677;;;;;;376329;970560;;;;;;;;;;;;;;;;
300101178;NC;MECWETSANENG PRIMARY SCHOOL;JOHN TAOLO GAETSEWE;;Formally Opened;Operational;;Public;Ordinary School;Primary;Govt;;;;KURUMAN;KURUMAN;8460;PRIVATE BAG X1532;PRIVATE BAG X;KURUMAN;KURUMAN;8460;072;1708272;072;1708272;mecwetsanengps@gmail.com;mecwetsanengps@gmail.com;-27.307892;23.677242;;;;;;961239;961239;300101178;Mecwetsaneng Primary School;;;;;;;;;;;;;;
300101123;NC;MARUPING PRIMARY SCHOOL;JOHN TAOLO GAETSEWE;;Formally Opened;Operational;;Public;Ordinary School;Primary;Govt;;;;MARUPING VILLAGE;KURUMAN;8460;PRIVATE BAG XX168;PRIVATE BAG X;MOTHIBISTAD;MOTHIBISTAD;8474;053;0505853;066;2302021;marupingps@ncdoe.school.za;marupingprimary@gmail.com;-27.348024;23.363046;;;;;;961237;961237;2101123;MARUPING PRIMARY SCHOOL;;;;;;;;;;;;;;
300033214;NC;LAERSKOOL MIDDELPOS;NAMAKWA;;Formally Opened;Operational;;Public;Ordinary School;Primary;Govt Education;;N4;;Middelpos;Middelpos;8193;PO BOX 16;PO BOX;Middelpos;Middelpos;8193;066;5819886;078;3126583;mlaerskool1@gmail.com;mlaerskool1@gmail.com;-31.904733,;20.227175;;;;;;940251;970978;33214;MIDDELPOS PRIMARY SCHOOL;;;;;;;;;;;;;;
300101304;NC;MOHOLENG PRIMARY SCHOOL;JOHN TAOLO GAETSEWE;;Formally Opened;Operational;;Public;Ordinary School;Primary;Govt;;;;BATLHAROS;KURUMAN;8460;PRIVATE BAG XX112;PRIVATE BAG X;BATLHAROS;KURUMAN;8474;068;6849035;083;4476352;moholengps@gmail.com;moholengps@gmail.com;-27.301950;23.350605;;;;;;961308;961308;;Moholeng Primary School;;;;;;;;;;;;;;
300104002;NC;MATHANTHANYANENG PRIMARY SCHOOL;JOHN TAOLO GAETSEWE;;Formally Opened;Operational;;Public;Ordinary School;Primary;Govt;;K6;;MATHANTHANYANENG VILLAGE;KURUMAN;8460;PO BOX 716;PO BOX;KURUMAN;KURUMAN;8460;066;3100797;081;7370064;mathanthanyanengps@ncdoe.schools.za;felixchik731@gmail.com;-26.805494;23.406323;;;;;;962404;962404;2104002;MATHANTHANYANENG PRIMARY SCHOOL;;;;;;;;;;;;;;
300101239;NC;MMITSATSHIPI PRIMARY SCHOOL;JOHN TAOLO GAETSEWE;;Formally Opened;Operational;;Public;Ordinary School;Primary;Govt;;1;;GARUELE;KURUMAN;8460;PO BOX 821;PO BOX;KURUMAN;KURUMAN;8460;078;4701813;072;6161625;mmitsatshipips@ncdoe.school.za;mmitsatshipiprimary@gmail.com;-27.246957;23.311039;;;;;;961258;961258;20101239;MMITSATSHIPI PRIMARY SCHOOL;;;;;;;;;;;;;;
300101273;NC;MOEDI SECONDARY SCHOOL;JOHN TAOLO GAETSEWE;;Formally Opened;Operational;;Public;Ordinary School;Secondary;Govt;;K2;;KURUMAN;KURUMAN;8460;PO BOX 2353;PO BOX;KURUMAN;KURUMAN;8460;071;7848150;066;2434945;moediss@ncdoe.school.za;lebogangmei@gmail.com;-26.968767;23.906483;;;;;;961338;961338;300101273;MOEDI SECONDARY SCHOOL;;;;;;;;;;;;;;
300101360;NC;MONOKETSI INTERMEDIATE SCHOOL;JOHN TAOLO GAETSEWE;;Formally Opened;Operational;;Public;Ordinary School;Intermediate;Govt;;K2;;Kuruman;MOTHIBISTAD;8460;PO BOX 450;PO BOX;Mothibistad;MOTHIBISTAD;8474;079;0959129;078;7927382;monoketsiis@gmail.com;monoketsiis@ncdoe.schools.za;-27.415464;23.807241;;;;;;962261;962261;2101360;monoketsi intermediate school;;;;;;;;;;;;;;
300101402;NC;MOSHAWENG SECONDARY  SCHOOL;JOHN TAOLO GAETSEWE;;Formally Opened;Operational;;Public;Ordinary School;Secondary;Govt Education;;K6;;KURUMAN;KURUMAN;8474;PO BOX 198;PO BOX;KURUMAN;KURUMAN;8474;076;5431417;076;5431417;moshawenghighschool@gmail.com;moshawenghighschool@gmail.com;-26.792640;23.359609;;;;;;961388;961388;2101402;Moshaweng Secondary School;;;;;;;;;;;;;;
300101371;NC;MOOKI-LOBELO PRIMARY SCHOOL;FRANCES BAARD;;Formally Opened;Operational;;Public;Ordinary School;Primary;Govt;;F7;;Unit 1;Pampierstad;8566;PO BOX 58;PO BOX;Unit 1;Pampierstad;8566;053;9963844;076;9261412;mookilobelops@ncdoe.school.za;mookilobelobelo@gmail.com;-27.773948;24.684578;;;;;;960969;960969;300101371;MOOKI-LOBELO;;;;;;;;;;;;;;
300045220;NC;AMARANTUS AKADEMIE;ZF MGCAWU;;Formally Opened;Operational;;Independent;Ordinary School;Primary;Private;;S5;;20 Brownstreet;Postmasburg;8420;PO BOX 44;PO BOX;;Postmasburg;8420;082;5794275;082;5794275;cprinsloo@amarantusakademie.co.za;;;;;;;;;;;;;;;;;;;;;;;;;;
300042306;NC;MÔRELIG INTERMEDIATE SCHOOL;ZF MGCAWU;;Formally Opened;Operational;;Public;Ordinary School;Intermediate;Govt;;S2;;Akasiapark;Keimoes;8860;PO BOX 171;PO BOX;Akasiapark;Keimoes;8860;054;4611236;069;8220928;moreligis@gmail.com;ebsolomons@gmail.com;-27.329748;23.358219;;;;;;370037;970659;;;;;;;;;;;;;;;;
300011206;NC;MOLEHABANGWE PRIMARY SCHOOL                                                                           ;FRANCES BAARD;;Formally Opened;Operational;;Public;Ordinary School;Primary;Govt Education;;;;Vergenoeg Location;Kimberley;8345;PO BOX 9079;PO BOX;P.O. Mankurwane;Kimberley;8345;053;0501107;081;5492149;molehabangweschool@gmail.com;Lkgaoboihi533@gmail.com;-28.712183;24.722628;;;;;;74411;970267;;Molehabangwe;;;;;;;;;;;;;;
300012210;NC;MOTSWEDITHUTO INTERMEDIATE SCHOOL;FRANCES BAARD;;Formally Opened;Operational;;Public;Ordinary School;Intermediate;Govt;;F4;;Hartswater;Hartswater;8570;PO BOX 2067;PO BOX;Hartswater;Hartswater;8570;053;4741648;082;3886366;motswedithuto053474@gmail.com;keaobakankukane2@gmail.com;-27.721141;24.779059;;;;;;75317;970309;2012210;MOTSWEDITHUTO INTERMEDIATE SCHOOL;;;;;;;;;;;;;;
300100181;NC;BONTLENG PRIMARY SCHOOL;Frances Baard;;Formally Opened;Operational;;Public;Ordinary School;Primary;Govt;;F8;;Pampierstad;Pampierstad;8566;PO BOX 97;PO BOX;Pampierstad;Pampierstad;8566;053;9961114;079;5486996;bontlengps@ncdoe.school.za;bontleng01@gmail.com;-27.77757;24.69572;;;;;;960906;960906;20100181;BONTLENG PRIMARY SCHOOL;;;;;;;;;;;;;;
300015207;NC;MASIZA PRIMARY SCHOOL;FRANCES BAARD;;Formally Opened;Operational;;Public;Ordinary School;Primary;Govt Education;;F3;;P. O BOX;Kimberley;9029;PO BOX 9029;PO BOX;Mankurwane;Kimberley;8345;053;8747883;072;2924132;masizaps@ncdoe.school.za;ladykwebu.lk@gmail.com;-28.7037;24.72432;;;;;;74368;970383;300015207;MASIZA SENIOR PHASE;;;;;;;;;;;;;;
300101503;NC;NCWENG PRIMARY SCHOOL;JOHN TAOLO GAETSEWE;;Formally Opened;Operational;;Public;Ordinary School;Primary;Govt;;K4;;;KURUMAN;8460;PO BOX 385;PO BOX;MOTHIBISTAD;KURUMAN;8474;071;7193440;078;6172105;gmntau@gmail.com;ncwengps@ncedoe.school.za;-27.24784;23.26505;;;;;;961241;300101;961241;ncweng primary school;;;;;;;;;;;;;;
300044303;NC;MAIKAELELO PRIMARY SCHOOL;JOHN TAOLO GAETSEWE;;Formally Opened;Operational;;Public;Ordinary School;Primary;Govt;;K4;;DIEPKLOOF;OLIFANTSHOEK;8450;PO BOX 188;PO BOX;Diepkloof;Olifantshoek;8450;078;3181741;078;3181741;maikaeleleprimary21@gmail.com;loetomalgas@gmail.com;-27.955998;22,750265;;;;;;361190;361190;300044303;Maikaelelo Primary School;;;;;;;;;;;;;;
300101450;NC;MOTSHWARAKGOLE INTERMEDIATE SCHOOL;JOHN TAOLO GAETSEWE;;Formally Opened;Operational;;Public;Ordinary School;Intermediate;Govt;;K7;;JOE MOROLONG MUNICIPALITY;KURUMAN;8460;PO BOX 966;PO BOX;KURUMAN;KURUMAN;8460;083;3405652;073;7412246;motshwarakgoleschool@gmail.com;diokagg@gmail.com;-27.094019;23.916768;;;;;;961363;961363;20101450;MOTSHWARAKGOLE;;;;;;;;;;;;;;
300023404;NC;NOUPOORT CHRISTIAN COLLEGE;PIXLEY-KA-SEME;;Formally Opened;Operational;;Independent;Ordinary School;Secondary;Private;;P3;;NOUPOORT;NOUPOORT;5950;PO BOX 56;PO BOX;NOUPOORT;NOUPOORT;5950;049;8431764;049;8431764;school@drugalarm.co.za;fikile.maliti55@gmail.com;-31.181784;24.953954;;;;;;;;300023404;Noupoort Combined School ;;;;;;;;;;;;;;
300015405;NC;TSHIRELECO SECONDARY PUBLIC SCHOOL;FRANCES BAARD;;Formally Opened;Operational;;Public;Ordinary School;Secondary;Govt;;F2;;Galeshewe;Galeshewe;8330;PO BOX 8023;PO BOX;Galeshewe;Kimberley;8330;053;8713385;053;8713385;tshirelecohighschool@gmail.com;76tshipinyane@gmail.com;-28.721199;24,752295;;;;;;74402;970327;2015405;TSHIRELECO SECONDARY PUBLIC SCHOOL;;;;;;;;;;;;;;
300042213;NC;NEILERSDRIFT INTERMEDIÊRE SKOOL;ZF MGCAWU;;Formally Opened;Operational;;Public;Ordinary School;Intermediate;Govt;;S2;;NEILERSDRIFT;NEILERSDRIFT;8860;PO BOX 808;PO BOX;NEILERSDRIFT;KEIMOES;8860;054;0500919;079;8208166;wil.eiman2@gmail.com;isneilersdrift@gmail.com;-28.744455;20.995540;;;;;;370312;507977;;NEILERSDRIFT;;;;;;;;;;;;;;
300101492;NC;NCWELENGWE PRIMARY SCHOOL;JOHN TAOLO GAETSEWE;;Formally Opened;Operational;;Public;Ordinary School;Primary;Govt Education;;K4;;Stand No.F03;Mothibistad;8474;P.O. BOX 248;;;Mothibistad;8474;071;2389411;071;2389411;ncwelengweprimary@gmail.com;ncwelengweps@ncdoe.school.za;-27.456867;23.628167;;;;;;961315;961315;2101492;Ncwelengwe Primary School;;;;;;;;;;;;;;
300034208;NC;NOURIVIER MET PRIMÊRE SKOOL;NAMAKWA;;Formally Opened;Operational;;Public;Ordinary School;Primary;Church;;N3;;Nourivier;NOURIVIER;8252;PO BOX 91;PO BOX;Kamieskroon;KAMIESKROON;8241;071;3649857;071;3649857;;pierre.cloete25@gmail.com;-29.457949;17,765176;;;;;;346659;5;300034208;NOURIVIER MET. LAERSKOOL;;;;;;;;;;;;;;
300034207;NC;NORAP MET PRIMÊRE SKOOL;NAMAKWA;;Formally Opened;Operational;;Public;Ordinary School;Primary;Church;;3;;Rooifontein;Rooifontein;8253;PO BOX 1047;PO BOX;Springbok;Springbok;8240;082;9090120;082;9090210;norapmls@gmail.com;norap@vox.co.za;-30.065539;18.260454;;;;;;346624;970936;300034207;Norap Met. Primêre Skool;;;;;;;;;;;;;;
300101550;NC;OARABILE INTERMEDIATE SCHOOL;JOHN TAOLO GAETSEWE;;Formally Opened;Operational;;Public;Ordinary School;Intermediate;Govt;;K7;;;KURUMAN;8460;PO BOX 381;PO BOX;KURUMAN;KURUMAN;8460;082;4861940;082;4861940;seribemaure@gmail.com;oarabileintermediate@gmail.com;-27.116389;23.562766;;;;;;961274;961274;300101550;OARABILE INTERMEDIATE SCHOOL;;;;;;;;;;;;;;
300033308;NC;NICO  BEKKER  INTERMEDIATE SCHOOL;NAMAKWA;;Formally Opened;Operational;;Public;Ordinary School;Primary;Govt;;;;;Williston;8920;PO BOX 54;PO BOX;Amandelboom;Williston;8920;053;3913047;078;1773831;nicobekkerprimary@gmail.com;nicobekkerprimary@gmail.com;-31.345178;20.925391;;;;;;350010;970961;;;;;;;;;;;;;;;;
300011303;NC;EMANG MMOGO COMPREHENSIVE SCHOOL;FRANCES BAARD;;Formally Opened;Operational;;Public;Ordinary School;Secondary;Govt;;F7;;Galeshewe;Kimberley;8335;PO BOX 8040;PO BOX;Galeshewe;Kimberley;8335;063;0159249;083;7573663;tozamilesmyo@webmail.co.za;emangmmogosc@gmail.com;-28.71419;24.72868;;;;;;74301;157;2011303;EMANG MMOGO COMPREHENSIVE SCHOOL;;;;;;;;;;;;;;
300024301;NC;BENNIE GROENEWALD PRIMERE SKOOL;PIXLEY-KA-SEME;;Formally Opened;Operational;;Public;Ordinary School;Primary;Govt;;P3;;Richmond;RICHMOND;7090;PO BOX 75;PO BOX;Richmond;RICHMOND N.K;7090;078;7162874;066;2245674;benniegroenewaldt134@gmail.com;benniegroenewaldt134@gmail.com;-31.41698;23.95179;;;;;;440639;970833;;;;;;;;;;;;;;;;
300045304;NC;NOORD-KAAP PRIMÊRE SKOOL;JOHN TAOLO GAETSEWE;;Formally Opened;Operational;;Public;Ordinary School;Primary;Govt;;K4;;OLIFANTSHOEK;OLIFANTSHOEK;8450;PO BOX 240;PO BOX;WELGELEë;OLIFANTSHOEK;8450;053;3310194;073;1547371;noordkaapprimer@gmail.com;josephvries@gmail.com;-27.93516;22.74725;;;;;;381000;504184;2045304;Noordkaap Primary;;;;;;;;;;;;;;
300101564;NC;OLEHILE MANCHWE TECHNICAL SECONDARY ;FRANCES BAARD;;Formally Opened;Operational;;Public;Ordinary School;Secondary;Govt;;F9;;Pampierstad;Pampierstad;8566;PO BOX 594;PO BOX;Pampierstad;Pampierstad;8566;053;9964587;082;4791818;olehilemanchwetss@ncdoe.school.gov;diphikweteko@gmail.com;-27.780408;24.697911;;;;;;961006;548790;20101564;OLEHILE-MANCHW TECHNICAL SECONDARY SCHOOL;;;;;;;;;;;;;;
300101579;NC;OREEDITSE PRIMARY SCHOOL;JOHN TAOLO GAETSEWE;;Formally Opened;Operational;;Public;Ordinary School;Primary;Govt;;K6;;HEUNINGVLEI;KURUMAN;8611;PO BOX 12;PO BOX;HEUNINGVLEI;KURUMAN;8611;076;3468467;076;3468467;oreeditseps@gmail.com;oreeditseps@gmail.com;-26.290110;23.167609;;;;;;90070798;900707;2101579;OREEDITSE PRIMARY SCHOOL;;;;;;;;;;;;;;
300032209;NC;SPRINGBOK PRIMÊRE SKOOL;NAMAKWA;;Formally Opened;Operational;;Public;Ordinary School;Primary;Govt;;N1;;Springbok;Springbok;8240;PO BOX 345;PO BOX;Springbok;Springbok;8240;027;7121450;027;7121450;pss01@namaqualand.com;pssshirley@namaqualand.com;-29.6626;17,88492;;;;;;309344;971025;;;;;;;;;;;;;;;;
300101598;NC;PAKO SECONDARY SCHOOL;JOHN TAOLO GAETSEWE;;Formally Opened;Operational;;Public;Ordinary School;Secondary;Govt;;K5;;Mothibistad;Kuruman;8474;PO BOX 265;PO BOX;Mothibistad;kuruman;8474;076;5521841;076;5521841;pakoss@ncdoe.school.za;ikutlwengm@gmail.com;-27.069603;23,843013;;;;;;961339;961339;2101598;Pako secondary school;;;;;;;;;;;;;;
300016202;NC;ANDERSON PRIMÊRE SKOOL;PIXLEY-KA-SEME;;Formally Opened;Operational;;Public;Ordinary School;Primary;Govt;;P5;;Rainbow Valley;Griekwastad;8365;PO BOX 2;PO BOX;Griekwastad;Griekwastad;8365;053;0501009;076;9994390;hewittpbeukes@gmail.com;primeranderson@gmail.com;-28.85675;23.24616;;;;;;225260;225260;;;;;;;;;;;;;;;;
300041213;NC;ORANJE-OEWER INTERMEDIÊRE SKOOL;ZF MGCAWU;;Formally Opened;Operational;;Public;Ordinary School;Intermediate;Govt;;S4;;PROGRESS;UPINGTON;8801;PO BOX 726;PO BOX;PROGRESS;Upington;8801;054;0501225;067;4041963;isoranjeoewer@gmail.com;lionel2628@gmail.com;-28.460572;21.229265;;;;;;370126;504549;;;;;;;;;;;;;;;;
300034209;NC;PAULSHOEK MET PRIMÊRE SKOOL;NAMAKWA;;Formally Opened;Operational;;Public;Ordinary School;Primary;Church;;N3;;Paulshoek;Garies;8221;PO BOX 98;PO BOX;Paulshoek;Garies;8221;076;6310731;076;6310731;paulshoekmls@gmail.com;magrietacloete@ncdoe.schools.za;-30.367232;18,256338;;;;;;346632;970930;;;;;;;;;;;;;;;;
300043221;NC;ORANJE-SUID PRIMERE SKOOL;ZF MGCAWU;;Formally Opened;Operational;;Public;Ordinary School;Primary;Govt;;S4;;LANGVERWAG;KAKAMAS;8870;ORANJE-SUID PRIMERE SKOOL 246;ORANJE-SUID PRIMERE SKOOL;Kakamas;KAKAMAS;8870;084;6781065;079;3428991;oranjesuidsi@gmail.com;prinsipaal@lsoranjesuid.co.za;-28.787684;20.624274;;;;;;370215;970594;;;;;;;;;;;;;;;;
300101614;NC;PERTH PRIMARY SCHOOL;JOHN TAOLO GAETSEWE;;Formally Opened;Operational;;Public;Ordinary School;Primary;Govt;;K6;;HEUNINGVLEI;KURUMAN;8611;PO BOX 166;PO BOX;GATA-LWA-TLOU;KURUMAN;8625;082;4275352;082;4275352;ofemabudi@gmail.com;comforthiakgosi@gmail.com;-26.461944;23,078925;;;;;;961362;961362;2101614;PERTH PRIMARY SCHOOL;;;;;;;;;;;;;;
300043305;NC;LEERKRANS INTERMEDIATE SCHOOL;ZF MGCAWU;;Formally Opened;Operational;;Public;Ordinary School;Intermediate;Govt;;S3;;LEERKRANS;LEERKRANS;8818;PO BOX 3042;PO BOX;UPINGTON;UPINGTON;8800;054;7510010;064;6711633;kockrl@gmail.com;leerkrans@telkomsa.net;-28.40812;21.52475;;;;;;376272;970525;300043305;LEERKRANS INTERMEDIêRE SKOOL;;;;;;;;;;;;;;
300043222;NC;PERDE-EILAND (NGK) PRIMÊRE SKOOL;ZF MGCAWU;;Formally Opened;Operational;;Public;Ordinary School;Primary;Govt;;S4;;Kakamas;MARCHAND;8873;PO BOX 50;PO BOX;Kakamas;MARCHAND;8873;054;4410084;078;2398862;perdeeilandps1@gmail.com;genicesteenkamp31@gmail.com;-28.725123;20,504811;;;;;;4;1528;;;;;;;;;;;;;;;;
300034306;NC; OKIEP LAERSKOOL;NAMAKWA;;Formally Opened;Operational;;Public;Ordinary School;Primary;Private;;;;Rocky Ridge;Okiep;8270;PO BOX 69;PO BOX;Okiep;Okiep;8270;027;7441212;073;1444974;okiepl@ncdoe.school.za;okiepls@gmail.com;-29.601047;17.877114;;;;;;300034034;347027;;;;;;;;;;;;;;;;
300041138;NC;PHILANDERSBRON PRIMARY;ZF MGCAWU;;Formally Opened;Operational;;Public;Ordinary School;Primary;Govt;;S1;;Philandersbron;Mier;8811;PO BOX 1;PO BOX;Philandersbron;Mier;8811;073;7707298;083;4384620;philandersbronps@gmail.com;philandersbronps@gmail.com;-26.814956;20,093887;;;;;;373371;970538;;;;;;;;;;;;;;;;
300101596;NC;PABALELO PRIMARY SCHOOL;FRANCES BAARD;;Formally Opened;Operational;;Public;Ordinary School;Primary;Govt;;F9;;Pampierstad;Pampierstad;8566;PO BOX 171;PO BOX;Pampierstad;Pampierstad;8566;053;9961236;083;4575165;pabalelops@ncdoe.school.za;pabalelops@gmail.com;-27.775883;24,694389;;;;;;960922;101596;20101596;PABALELO PRIMARY SCHOOL;;;;;;;;;;;;;;
300017220;NC;REAIPELA INTERMEDIATE SCHOOL;FRANCES BAARD;;Formally Opened;Operational;;Public;Ordinary School;Intermediate;Govt;;F7;;1348;Magogong;8575;PO BOX 64;PO BOX;Magogong;Magogong;8575;081;3963863;082;6245454;reaipelapschool@hotmail.com;reaipelais@ncdoe.school.za;-27.60945;24.78162;;;;;;75322;970431;2017220;REAIPELA INTERMEDIATE SCHOOL;;;;;;;;;;;;;;
300016219;NC;ZINGISA NO 1 INTERMEDIATE SCHOOL;FRANCES BAARD;;Formally Opened;Operational;;Public;Ordinary School;Intermediate;Govt;;F8;;Galeshewe;Kimberley;8330;PO BOX 8020;PO BOX;Galeshewe;Kimberley;8330;053;8747027;073;2686581;zingisaintermediate@gmail.com;vmapete@gmail.com;-28.72034;24,73339;;;;;;74370;70384;2016219;Zingisa Intermidiate School;;;;;;;;;;;;;;
300041301;NC;RIETFONTEIN GEKOMBINEERDE SKOOL;ZF MGCAWU;;Formally Opened;Operational;;Public;Ordinary School;Combined;Govt;;S1;;RIETFONTEIN;MIER;8811;PO BOX 3;PO BOX;RIETFONTEIN;MIER;8811;054;5310015;062;4657365;csrietfontein@gmail.com;csrietfontein@gmail.com;-26.74211;20,026869;;;;;;373370;970135;2041301;RIETFONTEIN COMBINED SCHOOL;;;;;;;;;;;;;;
300101862;NC;RUSFONTEIN PRIMARY SCHOOL;JOHN TAOLO GAETSEWE;;Formally Opened;Operational;;Public;Ordinary School;Primary;Govt;;K1;;Wyk 10;KURUMAN;8460;PO BOX 6045;PO BOX;BATLHAROS;KURUMAN;8476;067;3266604;067;3266604;rusfonteinprimaryschool@gmail.com;rusfonteinprimaryschool@gmail.com;-26.996793;23,250618;;;;;;961248;961248;2101862;RUSFONTEIN PRIMARY SCHOOL;;;;;;;;;;;;;;
300017304;NC;VAALHARTS GEKOMBINEERDE SKOOL;FRANCES BAARD;;Formally Opened;Operational;;Public;Ordinary School;Combined;Govt;;F8;;Andalusia Park;Jan Kempdorp;8550;PO BOX 76;PO BOX;Andalusia Park;Jan Kempdorp;8550;053;2440046;078;0969390;;bothawc@gmail.com;-27.90993;24.81166;;;;;;225320;970419;2017304;Vaalharts Combined;;;;;;;;;;;;;;
300057202;NC;KURUMAN TUITION CENTRE;JOHN TAOLO GAETSEWE;;Formally Opened;Operational;;Independent;Ordinary School;Primary;Private;;K7;;Kuruman;Kuruman;8460;PRIVATE BAG X1534;PRIVATE BAG X;Kuruman;Kuruman;8460;053;4923008;066;2673595;ktckuruman@gmail.com;ceo@ktcschool.com;0;0;;;;;;;;;;;;;;;;;;;;;;;
300101655;NC;PITSO JANTJIE SECONDARY SCHOOL;JOHN TAOLO GAETSEWE;;Formally Opened;Operational;;Public;Ordinary School;Secondary;Govt;;K2;;MANYEDING;MOTHIBISTAD;8474;PRIVATE BAG X154;PRIVATE BAG X;MOTHIBISTAD;KURUMAN;8474;053;2850844;076;1423416;kgally.seswai071@gmail.com;pitsojantjiehighschool@gmail.com;-27.488314;23,678777;;;;;;961385;961385;2101655;pitso jantjie high school;;;;;;;;;;;;;;
300101617;NC;PHAKANE SECONDARY SCHOOL;JOHN TAOLO GAETSEWE;;Formally Opened;Operational;;Public;Ordinary School;Secondary;Govt;;K2;;KAGUNG VILLAGE;KURUMAN;8460;PO BOX 731;PO BOX;KURUMAN;KURUMAN ;8460;063;8178712;072;0367001;phakanehighschool@gmail.com;phakanehighschool@gmail.com;-27.428736;23,572136;;;;;;7961296;796;2101617;Phakane High School;;;;;;;;;;;;;;
300033306;NC;PROTEA LAERSKOOL;NAMAKWA;;Formally Opened;Operational;;Public;Ordinary School;Primary;Govt;;N4;;NIEUWOUDTVILLE;NIEUWOUDTVILLE;8180;PO BOX 2;PO BOX;NIEUWOUDTVILLE;NIEUWOUDTVILLE;8180;027;2181079;027;2181079;protealaerskool@gmail.com;protealaer@mweb.co.za;-31.367399;19,115711;;;;;;340146;970959;2038833;NIEUWOUDTVILLE PUBLIC CENTRE;;;;;;;;;;;;;;
300101776;NC;REAITEKA INTERMEDIATE SCHOOL;JOHN TAOLO GAETSEWE;;Formally Opened;Operational;;Public;Ordinary School;Intermediate;Govt Education;;K4;;MAIPEING;KURUMAN;8460;PO BOX 499;PO BOX;MOTHIBISTAD;MOTHIBISTAD;8474;076;0799572;082;3970386;reaitekams@gmail.com;reaitekais@ncdoe.schools.za;-27.13224;23.11855;;;;;;007/961295;961295;101776;REAITEKA INTERMEDIATE SCHOOL;;;;;;;;;;;;;;
300014204;NC;DIAMANTVELD PRIMARY SCHOOL;FRANCES BAARD;;Formally Opened;Operational;;Public;Ordinary School;Primary;Govt;;F5;;Kimberley North;Kimberley;8301;PO BOX 97;PO BOX;Kimberley North;Kimberley;8300;053;8327911;082;4044420;diamantveld@kimberley.co.za;diamantveldps@ncdoe.school.za;-28.732908,;24.766715;;;;;;209209;530566;2014204;DIAMANTVELD PRIMARY SCHOOL;;;;;;;;;;;;;;
300101496;NC;NEW SNAUSWANE PRIMARY SCHOOL;JOHN TAOLO GAETSEWE;;Formally Opened;Operational;;Public;Ordinary School;Primary;Govt Education;;K7;;KURUMAN;KURUMAN;8460;PO BOX 255;PO BOX;ELLENDALE;KURUMAN;8460;072;0758518;072;0758515;Newsmauswaneps@gmail.com;givenmukutu@gmail.com;-27.273412;23.604705;;;;;;7961242;2530;300101496;new smauswane;;;;;;;;;;;;;;
300101600;NC;PAMPIERSTAD SECONDARY SCHOOL;FRANCES BAARD;;Formally Opened;Operational;;Public;Ordinary School;Secondary;Govt Education;;F5;;Pampierstad ;Pampierstad ;8566;PRIVATE BAG X206;PRIVATE BAG X;Pampierstad ;PAMPIESTAD;8566;072;3211040;082;5415987;pampierstadhigh90@gmail.com;mpoelangtj11@gmail.com;-27.788991;24,691711;;;;;;961057;961057;202101600;PAMPIERSTAD HIGH SCHOOL;;;;;;;;;;;;;;
300101568;NC;OMANG PRIMARY SCHOOL;JOHN TAOLO GAETSEWE;;Formally Opened;Operational;;Public;Ordinary School;Primary;Govt Education;;K7;;DITHAKONG VILLAGE;KURUMAN;8474;PO BOX 321;PO BOX;MOTHIBISTAD;KURUMAN;8474;076;0482897;076;0482897;omangps@ncdoe.school.za;acedsbok@gmail.com;-27.093428;23.922045;;;;;;961361;961361;300101568;Omang Primary School;;;;;;;;;;;;;;
300013306;NC;PNIEL-LANDGOED PRIMÊRE SKOOL;FRANCES BAARD;;Formally Opened;Operational;;Public;Ordinary School;Primary;Govt;;F3;;Pniel Plaas;Barkly-Wes;8375;PO BOX 238;PO BOX;Barkly - Wes;Barkly-Wes;8375;081;8811795;072;4582180;pnielskoolhoof@gmail.com;pnielskoolhoof@gmail.com;-28.587685;24,514372;;;;;;225620;970 34;300013306;Pniellandgoed Primêre Skool;;;;;;;;;;;;;;
300031209;NC;PORT NOLLOTH LAERSKOOL;NAMAKWA;;Formally Opened;Operational;;Public;Ordinary School;Primary;Govt;;;;Port Nolloth;Port Nolloth;8280;PO BOX 22;PO BOX;Port Nolloth;Port Nolloth;8280;027;8518333;078;1451860;portnollothl@ncdoe.school.za;portnollothprimary@gmail.com;-29.25617;16.87204;;;;;;309322;971024;;;;;;;;;;;;;;;;
300033313;NC;PROTEA HOËRSKOOL;NAMAKWA;;Formally Opened;Operational;;Public;Ordinary School;Secondary;Govt;;N4;;Nieuwoudtville;Nieuwoudtville;8180;PO BOX 86;PO BOX;Nieuwoudtville;Nieuwoudtville;8180;027;2181330;083;9405238;proteah@ncdoe.school.za;fbantom@gmail.com;-31.377725;19,116794;;;;;;340147;971059;2033313;Protea High;;;;;;;;;;;;;;
300011402;NC;HOËRSKOOL NOORD-KAAP;FRANCES BAARD;;Formally Opened;Operational;;Public;Ordinary School;Secondary;Govt Education;;F6;;Hadison Park;Kimberley;8301;PRIVATE BAG X5060;PRIVATE BAG X;Kimberley;Kimberley;8300;053;8324377;082;8242065;secretary@northerncapehigh.co.za;northerncapehighschool@gmail.com;-28.751229;24.750909;;;;;;122012;339;2011402;HOËRSKOOL NOORD-KAAP;;;;;;;;;;;;;;Sports School of Excellence
300014202;NC;HOMEVALE PRIMARY SCHOOL;FRANCES BAARD;;Formally Opened;Operational;;Public;Ordinary School;Primary;Govt;;F6;;Homevale;Kimberley;8301;PO BOX 429;PO BOX;Homevale;Kimberley;8300;053;8741631;082;5585043;;;-28.6983;24.73975;;;;;;225180;970360;300014202;Homevale Primary School;;;;;;;;;;;;;;
300015211;NC;SUNSETKIDS COLLEGE;FRANCES BAARD;;Formally Opened;Operational;;Independent;Ordinary School;Primary;Private;;F6;;Albertynshof;KIMBERLEY;8301;41 - 45 LONG STREET, ALBERTYNSHOF, KIMBERLEY 1;41 - 45 LONG STREET, ALBERTYNSHOF, KIMBERLEY;Albertynshof;KIMBERLEY;8301;053;0085056;081;7716565;skprimarycollege@gmail.com;sunsetkidshighschool@gmail.com;-28,746983;24,759094;;;;;;;;;;;;;;;;;;;;;;;
300044304;NC;SISHEN INTERMEDIATE MINE SCHOOL;JOHN TAOLO GAETSEWE;;Formally Opened;Operational;;Public;Ordinary School;Intermediate;Mine;;K1;;SESHENG;SESHENG;8447;PO BOX 3088;PO BOX;SESHENG;SESHENG;8447;074;1471524;083;2050155;sishen.intermediate@gmail.com;sishen.intermediate@gmail.com;-27.69424;22.99964;;;;;;361160;970597;;;;;;;;;;;;;;;;
300044220;NC;RE FENTSE PRIMARY SCHOOL;ZF MGCAWU;;Formally Opened;Operational;;Public;Ordinary School;Primary;Govt;;S5;;;Postmasburg;8420;GROENWATER 1381;GROENWATER;;Postmasburg;8420;074;4692004;063;4080390;groenwater.primary@gmail.com;groenwater.primary@gmail.com;-28.2869;23,3115;;;;;;448130;448130;;;;;;;;;;;;;;;;
300101985;NC;SEUPE PRIMARY SCHOOL;JOHN TAOLO GAETSEWE;;Formally Opened;Operational;;Public;Ordinary School;Primary;Govt;;K3;;MARUPING;MARUPING VILLAGE;8460;PRIVATE BAG XX175;PRIVATE BAG X;MARUPING;MOTHIBISTAD;8474;081;5498698;071;1266523;seupeps@ncdoe.school.za;seupeps@gmail.com;-27.343942;23,373912;;;;;;961406;961406;2101985;SEUPE PRIMARY SCHOOL;;;;;;;;;;;;;;
300101790;NC;REEBONE INTERMEDIATE SCHOOL;JOHN TAOLO GAETSEWE;;Formally Opened;Operational;;Public;Ordinary School;Intermediate;Govt Other;;K7;;mothibistad;KURUMAN;8460;PO BOX 266;PO BOX;Mothibistad;KURUMAN;8460;072;7441679;073;5157848;rzeeseraelo@gmail.com;reebonelsch@gmail.com;-27.115383;23.6138;;;;;;961289;961289;;REEBONE INTERMEDIATE SCHOOL;;;;;;;;;;;;;;
300101691;NC;PULELO PRIMARY  SCHOOL;JOHN TAOLO GAETSEWE;;Formally Opened;Operational;;Public;Ordinary School;Primary;Govt Education;;;;;CASSEL VILLAGE;8587;PO BOX 1907;PO BOX;VRYBURG;VRYBURG;8600;083;6215008;081;5174439;pulelops@ncdoe.school.za;puleloprimary@gmail.com;-26.964633;23.990483;;;;;;961349;961349;2101691;PULELO PRIMARY SCHOOL;;;;;;;;;;;;;;
300101783;NC;REARATA PRIMARY SCHOOL;JOHN TAOLO GAETSEWE;;Formally Opened;Operational;;Public;Ordinary School;Primary;Govt;;K1;;VERGENOEG VILLAGE;KURUMAN;8476;PO BOX 5114;PO BOX;BATLHAROS;KURUMAN;8476;066;0725259;063;7369408;rearataprimaryschool@gmail.com;rearataprimaryschool@gmail.com;-27.3632;23,29121;;;;;;7961282;796;;Rearata Primary School;;;;;;;;;;;;;;
300017213;NC;TLHATLOGANG INTERMEDIATE SCHOOL;FRANCES BAARD;;Formally Opened;Operational;;Public;Ordinary School;Intermediate;Govt;;F7;;Ikhutseng;Warrenton;8530;PO BOX 153;PO BOX;Ikhutseng;Warrenton;8530;053;4974545;073;7310595;tlhatlogangintermediate78@gmail.com;gmrmoleme@gmail.com;-28.12521;24.85625;;;;;;75332;970426;2017213;TLHATLOGANG ;;;;;;;;;;;;;;
300010705;NC;RE TLAMELENG SPECIAL SCHOOL;FRANCES BAARD;;Formally Opened;Operational;;Public;Special Needs Education;Combined;Private;;F4;;West End / Wes-einde;Kimberley;8301;PO BOX 2646;PO BOX;Kimberley;Kimberley;8300;053;2850672;084;9525231;retlameleng.sp@gmail.com;lebogangdiutlwileng@yahoo.com;-28.7284                 ;24.7421                  ;;;;;;226010;549503;2010705;RETLAMELENG SPECIAL SCHOOL;;;;;;;;;;;;;;Comprehensive
300101827;NC;REMMOGO SECONDARY SCHOOL;JOHN TAOLO GAETSEWE;;Formally Opened;Operational;;Public;Ordinary School;Secondary;Govt;;;;KURUMAN;KURUMAN;8460;PRIVATE BAG X176;PRIVATE BAG X;MOTHIBISTAD;MOTHIBISTAD;8474;078;2899877;078;8036288;remmogoss@gmail.com;remmogoss@gmail.com;-27.356079;23,381667;;;;;;7961420;796;2101827;REMMOGO SECONDARY SCHOOL;;;;;;;;;;;;;;
300101813;NC;REITLAMILE SECONDARY SCHOOL;FRANCES BAARD;;Formally Opened;Operational;;Public;Ordinary School;Secondary;Govt;;;;Pampierstad;Pampierstad;8566;PO BOX 84;PO BOX;Pampierstad;Pampierstad;8566;053;9964364;072;6989957;reitlamileis@gmail.com;reitlamileis@ncdoe.school.com;-27.77418;24.69194;;;;;;978760;650231;20101813;Reitlamile  Secondary School;;;;;;;;;;;;;;
300100690;NC;KGOMOTSO SECONDARY SCHOOL;FRANCES BAARD;;Formally Opened;Operational;;Public;Ordinary School;Secondary;Govt;;F5;;PAMPIERSTAD;PAMPIERSTAD;8566;PRIVATE BAG X203;PRIVATE BAG X;PAMPIERSTAD;PAMPIERSTAD;8566;083;3789086;073;7970703;kgomotsoss@ncdoe.school.za;mjkhumalo@ncdoe.school.za;-27.768895;24.688405;;;;;;960943;960943;2100690;KGOMOTSO HIGH SCHOOL;;;;;;;;;;;;;;
300044208;NC;GAMAGARA HOËRSKOOL;JOHN TAOLO GAETSEWE;;Formally Opened;Operational;;Public;Ordinary School;Secondary;Govt;;K4;;DEBEN;DIBENG;8463;PO BOX 3;PO BOX;DEBEN;DIBENG;8463;053;7910320;067;0927394;goliath31m@gmail.com;gamagarah@ncdoe.school.za;-27.597470;22.876392;;;;;;361320;530584;300044208;HIGH SCHOOL GAMAGARA;;;;;;;;;;;;;;
300101825;NC;RELEKILE PRIMARY SCHOOL;JOHN TAOLO GAETSEWE;;Formally Opened;Operational;;Public;Ordinary School;Primary;Govt;;K1;;MOTHIBISTAD;MOTHIBISTAD;8474;PO BOX 13;PO BOX;MOTHIBISTAD;MOTHIBISTAD;8474;074;2256943;072;0634618;relekileps@ncdoe.school.za;relekileps@gmail.com;-27.36992;23.55355;;;;;;007/961302;007/96;2101825;Relekile Primary School;;;;;;;;;;;;;;
300042215;NC;RIEMVASMAAK PRIMÊRE SKOOL;ZF MGCAWU;;Formally Opened;Operational;;Public;Ordinary School;Primary;Church;;S4;;RIEMVASMAAK;KAKAMAS;8870;PO BOX 523;PO BOX;RIEMVASMAAK;KAKAMAS;8870;054;0501194;073;3436339;laerskoolriemvasmaak@gmail.com;gayd20042009@gmail.com;-28.4521;20,30907;;;;;;375527;970534;300042215;Riemvasmaak Primary School;;;;;;;;;;;;;;
300033309;NC;ROGGEVELD INTERMEDIATE SCHOOL;NAMAKWA;;Formally Opened;Operational;;Public;Ordinary School;Primary;Govt;;N4;;;SUTHERLAND;6920;PRIVATE BAG X59;PRIVATE BAG X;SUTHERLAND;SUTHERLAND;6920;023;5711070;023;5711070;rogprim@roggevelde.co.za;johanolyn@15.gmail.com;-32.39005;20.66452;;;;;;330337;330337;;;;;;;;;;;;;;;;
300032402;NC;HOËRSKOOL SA VAN WYK;NAMAKWA;;Formally Opened;Operational;;Public;Ordinary School;Secondary;Govt;;N2;;Bergsig;Springbok;8240;PO BOX 45;PO BOX;BERGSIG;SPRINGBOK;8240;027;7121455;082;7727298;savanwykh@ncdoe.school.za;sa.vanwyk@yahoo.com;-29.6457;17.88133;;;;;;343331;0;2032402;HOëRSKOOL SA VAN WYK;;;;;;;;;;;;;;
300051202;NC;OASIS EXCELLENCE ACADEMY;JOHN TAOLO GAETSEWE;;Formally Opened;Operational;;Independent;Ordinary School;Primary;Private;;K2;;KURUMAN;KURUMAN;8460;PRIVATE BAG X1532;PRIVATE BAG X;KURUMAN;KURUMAN;8460;053;7149059;053;7149059;;info@humancapitalgroup.co.za;;;;;;;;;;;;;;;;;;;;;;;;;
300012301;NC;BARKLY WEST HIGH SCHOOL;FRANCES BAARD;;Formally Opened;Operational;;Public;Ordinary School;Combined;Govt;;F2;;De Beershoogte;Barkly West ;8375;PO BOX 87;PO BOX;De Beershoogte;Barkly West ;8375;053;5310529;082;4627228;barkleywestfb@telkomsa.net;johannessolomons@yahoo.com;-28.52621;24.50956;;;;;;225370;225370;2012301;Barkly West High School;;;;;;;;;;;;;;
300041215;NC;VELA-LANGA PRIMARY SCHOOL;ZF MGCAWU;;Formally Opened;Operational;;Public;Ordinary School;Primary;Govt;;S1;;Paballelo ;Upington ;8801;PO BOX 397;PO BOX;Upington ;Upington ;8800;054;3327937;076;4892538;Velalangap.School@gmail.com;Velalangap.School@gmail.com;-28.44013;21.21919;;;;;;361020;539504;41215;Upington ;;;;;;;;;;;;;;
300101901;NC;SEDIBENG PRIMARY SCHOOL;JOHN TAOLO GAETSEWE;;Formally Opened;Operational;;Public;Ordinary School;Primary;Govt;;K4;;KURUMAN;KURUMAN;8476;PO BOX 5821;PO BOX;BATLHAROS;KURUMAN;8476;079;8949411;079;8949411;sedibengps@ncdoe.school.za;sedibengprim@gmail.com;-27.19038;23.17551;;;;;;961249;961249;;SEDIBENG PRIMARY SCHOOL;;;;;;;;;;;;;;
300101821;NC;REKGARATLHILE SECONDARY SCHOOL;JOHN TAOLO GAETSEWE;;Formally Opened;Operational;;Public;Ordinary School;Secondary;Govt;;K8;;KURUMAN;KURUMAN;8460;PO BOX 166;PO BOX;KURUMAN;KURUMAN;8460;063;3673218;074;4466722;rekgaratlhilehighschool@gmail.com;;-27.39685;23.44074;;;;;;961426;961426;300101821;REKGARATLHILE HIGH SCHOOL;;;;;;;;;;;;;;
300044219;NC;SHILOAH ACADEMY;ZF MGCAWU;;Formally Opened;Operational;;Independent;Ordinary School;Combined;Govt Education;;S5;;;Postmasburg;;PO BOX 771;PO BOX;;Postmasburg;8420;053;3133056;082;8548473;;Shiloah.acc@gmail.com;-28,335623;23,059604;;;;;;;;;;;;;;;;;;;;;;;
300044214;NC;SHA-LEJE PRIMARY SCHOOL;ZF MGCAWU;;Formally Opened;Operational;;Public;Ordinary School;Primary;Mine;;S5;;Lime Acres;Lime Acres;8410;PO BOX 36;PO BOX;LIME ACRES;Lime Acres;8410;076;2318298;076;2318298;amantlemoshou@gmail.com;shaleje@gmail.com;-28.35754;23.51995;;;;;;361130;970595;300044214;Sha-leje Primary School;;;;;;;;;;;;;;
300031306;NC;ST CYPRIANS LAERSKOOL;NAMAKWA;;Formally Opened;Operational;;Public;Ordinary School;Intermediate;Govt;;2;;NABABEEP;NABABEEP;8265;BUITEKANT ST 328;BUITEKANT ST;;NABABEEP;8265;027;7138371;060;2015558;sctypriansls@gmail.com;sctypriansls@gmail.com;-29.59408;17.77896;;;;;;340294;5;;;;;;;;;;;;;;;;
300016216;NC;ST PETERS PRIMARY SCHOOL;FRANCES BAARD;;Formally Opened;Operational;;Public;Ordinary School;Primary;Govt;;F8;;Mankurwane;Kimberley;8345;PO BOX 9020;PO BOX;Mankurwane;Kimberley;8345;053;8741442;083;5731043;stpetersps@ncdoe.school.za;aaronleeuw@gmail.com;-28.703213;24,719427;;;;;;74310;970407;2016216;;;;;;;;;;;;;;;
300101920;NC;SEGOPOTSO INTERMEDIATE SCHOOL;JOHN TAOLO GAETSEWE;;Formally Opened;Operational;;Public;Ordinary School;Intermediate;Govt;;;;KURUMAN;KURUMAN;8460;PO BOX 481;PO BOX;MOTHIBISTAD;MOTHIBISTAD;8474;079;9420304;079;9420304;segopotsosecondary6@gmail.com;segopotsosecondary6@gmail.com;-26.725183;23.16195;;;;;;961285;961285;2101920;SEGOPOTSO;;;;;;;;;;;;;;
300101922;NC;SEGWANENG PRIMARY SCHOOL;JOHN TAOLO GAETSEWE;;Formally Opened;Operational;;Public;Ordinary School;Primary;Govt;;K3;;SEGWANENG  VILLAGE;DITHAKONG;8604;PO BOX 7004;PO BOX;DITHAKONG;KURUMAN;8460;076;3897021;076;3894021;psegwaneng@gmail.com;segwanengps@ncdoe.school.za;-27.06481;23.96414;;;;;;961405;961405;0;SEGWANENG PRIMARY SCHOOL;;;;;;;;;;;;;;
300051301;NC;SEDIBA ACADEMY;JOHN TAOLO GAETSEWE;;Formally Opened;Operational;;Independent;Ordinary School;Combined;Private;;K7;;KURUMAN;KURUMAN;8460;PO BOX 2193;PO BOX;KURUMAN;KURUMAN;8460;053;7120820;084;3010233;marinalandman4@gmail.com;jcloete1994@gmail.com;-27.458311;23.424628;;;;;;;;2051301;SEDIBA ACADEMY;;;;;;;;;;;;;;
300101919;NC;SEGONYANA PRIMARY SCHOOL;JOHN TAOLO GAETSEWE;;Formally Opened;Operational;;Public;Ordinary School;Primary;Govt;;K8;;MOTHIBISTADT;MOTHIBISTADT;8474;PO BOX 210;PO BOX;MOTHIBISTADT;MOTHIBISTADT;8474;068;7706621;071;7578825;segonyanaprimary@gmail.com;segonyanaprimary@gmail.com;-27.4006;23,48945;;;;;;962150;902053;200101919;SEGONYANA PRIMARY SCHOOL;;;;;;;;;;;;;;
300010704;NC;KIMBERLEY OPLEIDINGSENTRUM;FRANCES BAARD;;Formally Opened;Operational;;Public;Special Needs Education;Primary;Govt;;F1;;Homestead;Kimberley;8300;BARKLY ROAD 263 1814;BARKLY ROAD 263;Kimberley;Kimberley;8301;053;8713355;081;4354473;ktc.specialschool@yahoo.com;ktc.specialschool@yahoo.com;-28.7048                 ;24.741233            ;;;;;;225450;970283;2010704;KIMBERLEY TRAINING CENTRE;;;;;;;;;;;;;;
300031211;NC;STEPHEN MALHERBE PRIMÊRE SKOOL;NAMAKWA;;Formally Opened;Operational;;Public;Ordinary School;Primary;Church;;N1;;Eksteenfontein;Eksteenfontein;8284;STEPHEN MALHERBE 29;STEPHEN MALHERBE;Eksteenfontein;Eksteenfontein;8284;076;8681492;076;8681492;stephenmalherbel@ncdoe.school.za;stephenmalherbe66@gmail.com;-28.8233;17.25443;;;;;;346799;512567;;;;;;;;;;;;;;;;
300101974;NC;SESHENG PRIMARY SCHOOL;JOHN TAOLO GAETSEWE;;Formally Opened;Operational;;Public;Ordinary School;Primary;Govt Education;;K6;;MOTHIBISTAD;MOTHIBISTAD;8474;PRIVATE BAG XX 142;PRIVATE BAG X;MOTHIBISTAD;MOTHIBISTAD;8474;076;5048055;076;5048055;seshengprimary@gmail.com;seshengprimary@gmail.com;-26.795018;23,349754;;;;;;961307;961307;1;Sesheng Primary School;;;;;;;;;;;;;;
300032207;NC;SOEBATSFONTEIN VGK PRIMERE SKOOL ;NAMAKWA;;Formally Opened;Operational;;Public;Ordinary School;Primary;Private;;N3;;8257;SOEBATSFONTEIN;8257;PO BOX 12;PO BOX;SOEBATSFONTEIN ;SOEBATSFONTEIN;8257;076;3071289;076;1242763;soebatsfonteinl@ncdoe.school.za;soebatsfonteinvgkps@gmail.com;-30.1191;17,59706;;;;;;340383;340383;;;;;;;;;;;;;;;;
300042217;NC;SOVERBY PRIMÊRE SKOOL;ZF MGCAWU;;Formally Opened;Operational;;Public;Ordinary School;Primary;Trust Land;;S2;;KEIMOES;KEIMOES;8860;427;;KEIMOES;KEIMOES;8860;054;4612718;084;4452420;wallacewillemse@gmail.com;soverbyps@gmail.com;-28.69078;21.01424;;;;;;0004/37625;970620;2042217;Soverby;;;;;;;;;;;;;;
300043224;NC;ROSENDAL  INTERMEDIATE SCHOOL;ZF MGCAWU;;Formally Opened;Operational;;Public;Ordinary School;Intermediate;Govt;;S2;;Rosedale;Upington;8801;PO BOX 1350;PO BOX;Rosedale;Upington;8800;054;3390810;084;2644788;rosendalsi@telkomsa.net;rosendalsi@telkomsa.net;-28.46093;21.20271;;;;;;370231;970527;;;;;;;;;;;;;;;;
300017003;NC;SHEKINAH INTERMEDIATE SCHOOL;FRANCES BAARD;;Formally Opened;Operational;;Independent;Ordinary School;Primary;Church;;F5;;Homevale Extension;Kimberley;8301;PO BOX 1161;PO BOX;Homevale Extension;Kimberley;8301;053;8716115;076;0531473;Shekinahintermediate52@gmail.com;elgie.king@vodamail.co.za;-28,693502;24,730636;;;;;;;;2017003;SHEKINAH CHRISTIAN SCHOOL;;;;;;;;;;;;;;
300101991;NC;SHALANA PRIMARY SCHOOL;JOHN TAOLO GAETSEWE;;Formally Opened;Operational;;Public;Ordinary School;Primary;Govt;;K6;;HEUNINGVLEI;KURUMAN;8640;PO BOX 86;PO BOX;HEUNAAR;KURUMAN;8611;079;6854272;079;6854272;shalanaprimary@gmail.com;shalanaprimary@gmail.com;-26.342133;23,1266666;;;;;;961412;961412;2101991;SHALANA ;;;;;;;;;;;;;;
300032208;NC;SPOEGRIVIER MET PRIMERE SKOOL;NAMAKWA;;Formally Opened;Operational;;Public;Ordinary School;Primary;Church;;N3;;SPOEGRIVIER;GARIES;8220;PRIVATE BAG X190;PRIVATE BAG X;SPOEGRIVIER;Springbok;8220;076;2650803;079;0522191;spoegrivier027@gmail.com;spoegrivier@ncdoe.school.za;-30.34867;17.76131;;;;;;346640;149543;;spoegrivier primary;;;;;;;;;;;;;;
300101999;NC;SIMON MEDUPE PRIMARY;FRANCES BAARD;;Formally Opened;Operational;;Public;Ordinary School;Primary;Govt;;F7;;Pampierstad;Pampierstad;8566;PO BOX 196;PO BOX;1707 Matang Street;Pampierstad;8566;053;9961137;061;5445905;simonmedupeps@ncdoe.school.za;simonmedupeprimary@gmail.com;-27.772882;24,685105;;;;;;961005;961005;300101999;SIMON MEDUPE PRIMARY;;;;;;;;;;;;;;
300044302;NC;LANGBERG HIGH SCHOOL                                                      ;JOHN TAOLO GAETSEWE;;Formally Opened;Operational;;Public;Ordinary School;Secondary;Govt;;K4;;;OLIFANTSHOEK;8450;PO BOX 98;PO BOX;Olifantshoek;OLIFANTSHOEK;8450;073;1767095;073;1767095;langberghighschool@gmail.com;roestofm@gmail.com;-27.94347;22.73576;;;;;;361740;970665;2044302;Hoërskool Langberg;;;;;;;;;;;;;;
300044203;NC;DEBEN PRIMÊRE SKOOL;JOHN TAOLO GAETSEWE;;Formally Opened;Operational;;Public;Ordinary School;Primary;Govt Education;;K4;;DEBEN;DIBENG;8463;PO BOX 2;PO BOX;DEBEN;DIBENG;8463;053;0085029;083;2956278;debenps@ncdoe.school.za;sbolaae@gmail.com;-27.59169;22.88362;;;;;;381130;8810;200044203;DEBEN PRIMARY SCHOOL;;;;;;;;;;;;;;
300014301;NC;ST PATRICK'S CBC;FRANCES BAARD;;Formally Opened;Operational;;Independent;Ordinary School;Combined;Church;;F7;;Belgravia;Kimberley;8301;DU TOITSPAN ROAD 170;DU TOITSPAN ROAD;Belgravia;Kimberley;8301;053;8311558;053;8311558;info@stpatricks.co.za;headmaster@stpatricks.co.za;-28.747626;24,775743;;;;;;;;;Kimberley;;;;;;;;;;;;;;
300013302;NC;DIKGATLONG SECONDARY SCHOOL;FRANCES BAARD;;Formally Opened;Operational;;Public;Ordinary School;Secondary;Govt;;F2;;Tidimalo;Delportshoop;8377;DIKGATLONG SECONDARY SCHOOL 1498;DIKGATLONG SECONDARY SCHOOL;Delportshoop;Delportshoop;8377;053;0500013;076;4898045;dikgatlhonghs@gmail.com;itisengm@yahoo.com;-28.41993;24.3155;;;;;;410150;970800;2013302;Dikgatlhong High School;;;;;;;;;;;;;;
300101998;NC;SIMOLOLANG PRIMARY SCHOOL;JOHN TAOLO GAETSEWE;;Formally Opened;Operational;;Public;Ordinary School;Primary;Govt;;;;CASSEL ;CASSEL VILLAGE;8587;PO BOX 2676;PO BOX;CASSEL VILLAGE;VRYBURG;8587;074;7143934;072;7143934;simololangps@ncdoe.school.za;simprimary@gmail.com;-26.966785;23,982545;;;;;;0007/96135;0007/9;2101998;SIMOLOLANGP RIMARY SCHOOL;;;;;;;;;;;;;;
300033314;NC;Springbok Christian Academy;NAMAKWA;;Formally Opened;Operational;;Independent;Ordinary School;Combined;NULL;;1;;NULL;NULL;NULL;PO Box 725,Springbok;NULL;NULL;NULL;8240;0660968266;NULL;NULL;NULL;scasspringbok@gmail.com;NULL;-29,664598;17,888432;;;;;;NULL;NULL;NULL;NULL;;;;;;;;;;;;;;NULL
300016215;NC;SOL - PLAATJE PRIMARY SCHOOL;FRANCES BAARD;;Formally Opened;Operational;;Public;Ordinary School;Primary;Govt Education;;F2;;Galeshewe;Kimberley;8345;MASHOKO STREET 50;MASHOKO STREET;Galeshewe;Kimberley;8345;053;8715734;081;4757600;solplaatjeprimary1962@gmail.com;solplaatjieps@ncdoe.school.za;-28.714463;24,731569;;;;;;74413;970394;2016215;SOL - PLAATJE PRIMARY SCHOOL;;;;;;;;;;;;;;
300041221;NC;ELAND SCHOOL;ZF MGCAWU;;Formally Opened;Operational;;Independent;Ordinary School;Primary;Farm;;S1;;ASKHAM;UPINGTON;8814;PO BOX 62;PO BOX;ASKHAM;UPINGTON;8814;067;6300638;079;5270115;elandsanschool@gmail.com;elandsanschool@gmail.com;;;;;;;;;;;;;;;;;;;;;;;;;
300044218;NC;SISHEN PRIMÊRE SKOOL;JOHN TAOLO GAETSEWE;;Formally Opened;Operational;;Public;Ordinary School;Primary;Govt Education;;;;KATHU;KATHU;8446;PO BOX 73;PO BOX;KATHU;KATHU;8446;074;1023935;082;7999366;sishenps@ncdoe.school.za;dinzmoagi9@live.com;-27.708181;23,057819;;;;;;0007/38106;738106;;Sishen Primere Skool;;;;;;;;;;;;;;
300034401;NC;ST ANNA SEKONDÊRE PRIVAATSKOOL;NAMAKWA;;Formally Opened;Operational;;Independent;Ordinary School;Secondary;Church;;3;;MATJIESKLOOF;SPRINGBOK;8240;PO BOX 25;PO BOX;MATJIESKLOOF;SPRINGBOK;8240;027;7121503;083;9974427;info.stannaprivate@gmail.com;info.stannaprivate@gmail.com;-29,660187;17,893351;;;;;;;;2034401;St Anne Privaatskool;;;;;;;;;;;;;;
300034310;NC;ST. PHILOMENA  INTERMEDIÊRE SKOOL;NAMAKWA;;Formally Opened;Operational;;Public;Ordinary School;Intermediate;Church;;N2;;R.C. Mission;Onseepkans;8892;HOOFSTRAAT SENDING 29; SENDING;R.C. Mission;Onseepkans;8892;073;8843009;078;1166611;stphilomenaintermedier@gmail.com;luciaws12@gmail.com;-28.77068;19.26699;;;;;;350080;971002;;;;;;;;;;;;;;;;
300031304;NC;PORT  NOLLOTH  (RK) INTERMEDIÊRE SKOOL FIXED;NAMAKWA;;Formally Opened;Operational;;Public;Ordinary School;Combined;Church;;1;;Port Nolloth;Port Nolloth;8280;PO BOX 1;PO BOX;Port Nolloth;Port Nolloth;8280;027;8518323;027;8518323;;nini.cloete@gmail.com;-29.250466;16,86821;;;;;;346810;507552;;Springbok;;;;;;;;;;;;;;
300042307;NC;ST MARIA GORETTI (RC) PRIMARY SCHOOL;ZF MGCAWU;;Formally Opened;Operational;;Public;Ordinary School;Primary;Church;;S4;;NOUDONZIES;AUGRABIES;8874;PO BOX 82;PO BOX;AUGRABIES;AUGRABIES;8874;067;8130914;067;8130914;goretti@lantic.net;petrusjanuarie@gmail.com;-28.65235;20.36576;;;;;;376930;970622;;;;;;;;;;;;;;;;
300017405;NC;TLHWAHALANG HIGH SCHOOL;FRANCES BAARD;;Formally Opened;Operational;;Public;Ordinary School;Secondary;Govt;;F1;;Valspan Location;Jankempdorp;8550;PO BOX 438;PO BOX;Valspan Location;Jankempdorp;8550;073;5602853;082;3871654;tlhwahalanghighschool@hotmail.com;aubreymodiakgotla@gmail.com;-27.91922;24.81834;;;;;;75302;75302;2017405;TLHWAHALANG HIGH SCHOOL;;;;;;;;;;;;;;
300041216;NC;SWARTKOPSDAM VKK PRIMÊRE SKOOL;ZF MGCAWU;;Formally Opened;Operational;;Public;Ordinary School;Primary;Church;;S1;;Swartkopsdam;Swartkopsdam;8813;PO BOX 14;PO BOX;Swartkopsdam;Swartkopsdam;8813;073;2771953;073;2771953;swartkopsdamprimereskool@gmail.com;iseldaduplessis2@gmail.com;-27.6722;20,21146;;;;;;376043;970564;;;;;;;;;;;;;;;;
300013216;NC;FRANCIS MOHAPANELE PRIMARY SCHOOL;FRANCES BAARD;;Formally Opened;Operational;;Public;Ordinary School;Primary;Govt;;F3;;Tidimalo;Delportshoop;8377;DELPORTSHOOP 0;DELPORTSHOOP;Tidimalo;Delportshoop;8377;053;0500106;073;8453643;fmohapanele@iclix.co.za;;-28.42317;24.31698;;;;;;75424;970308;;;;;;;;;;;;;;;;
300016303;NC;STILLWATER INTERMEDIATE SCHOOL;FRANCES BAARD;;Formally Opened;Operational;;Public;Ordinary School;Intermediate;Govt;;F5;;Stillwater;Barkly West ;8375;PO BOX 461;PO BOX;Phelindaba Location;Kimberley;8300;053;0509394;072;6934267;dtmbizemi@gmail.com;stillwaterinterschool@gmail.com;-28.4931;24.68898;;;;;;74363;117165;2016303;STILLWATER INTERMEDIATE SCHOOL;;;;;;;;;;;;;;
300033303;NC;SUTHERLAND HIGH SCHOOL ;NAMAKWA;;Formally Opened;Operational;;Public;Ordinary School;Secondary;Govt;;N4;;SUTHERLAND;SUTHERLAND;6920;PO BOX 12;PO BOX;SUTHERLAND;SUTHERLAND;6920;023;5711083;084;9092727;shs@roggeveld.co.za;shs@roggeveld.co.za;-32.39397;20.6569;;;;;;50396617;503966;;;;;;;;;;;;;;;;
300013209;NC;STAATS PRIMARY SCHOOL;FRANCES BAARD;;Formally Opened;Operational;;Public;Ordinary School;Primary;Govt Education;;F8;;Klisserville;Kimberley;8301;BOWEN STREET 1;BOWEN STREET;Klisserville;Kimberley;8301;053;8312035;083;2331400;admin@staats.co.za;hoof@staats.co.za;-28.75839;24.77174;;;;;;209261;970342;2013209;STAATS PRIMARY SCHOOL;;;;;;;;;;;;;;
300012216;NC;TADCASTER INTERMEDIATE SCHOOL;FRANCES BAARD;;Formally Opened;Operational;;Public;Ordinary School;Intermediate;Govt;;F6;;Jankempdorp;Hartswater;8570;PO BOX 1032;PO BOX;Springboknek;Jankempdorp;8550;053;4742152;068;4565578;tadcasteris@ncdoe.school.za;tadcasterintermediate@gmail.com;-27.816683;24,801249;;;;;;75326;531108;2012216;TADCASTER INTERMEDIATE SCHOOL;;;;;;;;;;;;;;
300014208;NC;RIETRIVIER PRIMARY SCHOOL;FRANCES BAARD;;Formally Opened;Operational;;Public;Ordinary School;Primary;Govt Education;;F1;;Rietvale;Ritchie;8701;PO BOX 32;PO BOX;Modderrivier;Ritchie;8700;053;5800115;083;2683118;rietrivierps@ncdoe.school.za;rietrivierprimary@gmail.com;-29.03801;24.58787;;;;;;225220;970365;300014208;RIETRIVIER PRIMARY;;;;;;;;;;;;;;
300012601;NC;NORTHERN CAPE AGRICULTURAL HIGH SCHOOL;FRANCES BAARD;;Formally Opened;Operational;;Public;Ordinary School;Secondary;Govt;;F6;;Jan Kempdorp;Jan Kempdorp;8550;PRIVATE BAG X3;PRIVATE BAG X;Jan Kempdorp;Jan Kempdorp;8550;053;4920292;076;7578402;landbouhighschool@gmail.com;velabahleke74@gmail.com;-27.910472;24.848808;;;;;;206200;970296;2012601;Hoer Landbouskool Noord-Kaapland;;;;;;;;;;;;;;Agriculture
300102200;NC;TSAELENGWE INTERMEDIATE SCHOOL;JOHN TAOLO GAETSEWE;;Formally Opened;Operational;;Public;Ordinary School;Intermediate;Govt;;;;;MOTHIBISTAD;8474;PO BOX 667;PO BOX;KURUMAN;KURUMAN;8460;065;5575883;064;7801800;vuyisilemagida4@gmail.com;vuyisilemagida4@gmail.com;-27.3947;23,72071;;;;;;961265;961265;300102200;Tsaelengwe Intermediate School;;;;;;;;;;;;;;
300042222;NC;WESTERKIM PRIMARY SCHOOL;ZF MGCAWU;;Formally Opened;Operational;;Public;Ordinary School;Primary;Govt;;S3;;Mountainview;Upington;8800;PO BOX 7133;PO BOX;Oranjekruin;Upington;8807;054;3390911;076;6601166;laerskoolwesterkim@gmail.com;rlc03091964@gmail.com;-28.45391;21.20039;;;;;;370398;730022;;;;;;;;;;;;;;;;
300102079;NC;THAE PRIMARY SCHOOL;JOHN TAOLO GAETSEWE;;Formally Opened;Operational;;Public;Ordinary School;Primary;Govt;;K4;;Bosra;KURUMAN;8460;PO BOX 524;PO BOX;MOTHIBISTAD;Kuruman;8474;079;9483717;082;2131245;thaeprimary15@gmail.com;thaeps@ncdoe.school.za;-26.94533;23,0864;;;;;;961263;961263;20102079;THAE PRIMARY;;;;;;;;;;;;;;
300043308;NC;STERNHAM INTERMEDIËRE SKOOL;ZF MGCAWU;;Formally Opened;Operational;;Public;Ordinary School;Intermediate;Govt;;S3;;STERNHAM;GROBLERSHOOP;8850;PO BOX 24;PO BOX;STERNHAM;GROBLERSHOOP;8850;084;5929102;073;1534308;mathlenedc@gmail.com;mathlenedc@gmail.com;-28.906811;22,007409;;;;;;370207;970507;300043308;Sternham Intermediate School;;;;;;;;;;;;;;
300102081;NC;THAGANYANE PRIMARY SCHOOL;JOHN TAOLO GAETSEWE;;Formally Opened;Operational;;Public;Ordinary School;Primary;Govt;;K5;;;VRYBURG;8600;PO BOX 2347;PO BOX;;VRYBURG;8600;071;2380834;082;9787109;thaganyaneps@ncdoe.school.za;thaganyaneps2015@gmail.com;-26.918420;23,936975;;;;;;961351;961351;21102081;Thaganyane;;;;;;;;;;;;;;
300034214;NC;TNJ VAN DER WALT KOLLEGE;NAMAKWA;;Formally Opened;Operational;;Independent;Ordinary School;Primary;Private;;;;;Loeriesfontein;8185;BURDEN STRAAT 6;BURDEN STRAAT;;Loeriesfontein;8185;072;7069495;072;7069495;tnjvdwkollege@gmail.com;elizevj1968@gmail.com;-30,956817;19,447084;;;;;;11111;11111;;;;;;;;;;;;;;;;
300043227;NC;TOPLINE INTERMEDIATE  SCHOOL;ZF MGCAWU;;Formally Opened;Operational;;Public;Ordinary School;Intermediate;Govt;; S3;;SAALSKOP;GROBLERSHOOP;8825;PO BOX 89;PO BOX;SAALSKOP;GROBLERSHOOP;8850;087;1640116;079;4625819;arries108@gmail.com;toplineskool@gmail.com;-28.8457;21,97677;;;;;;4376612;970529;;;;;;;;;;;;;;;;
300102193;NC;TONGWANE INTERMEDIATE SCHOOL;JOHN TAOLO GAETSEWE;;Formally Opened;Operational;;Public;Ordinary School;Intermediate;Govt;;K1;;MOTHIBISTAD;KURUMAN;8460;PO BOX 589;PO BOX;MOTHIBISTAD;MOTHIBISTAD;8474;079;4543931;082;7058448;tongwaneis@ncdoe.school.za;tongwanemiddle@gmail.com;-27.2767;23,48092;;;;;;961286;961286;2102193;Tongwane Intermediate School;;;;;;;;;;;;;;
300102209;NC;TSELANCHO INTERMEDIATE SCHOOL;JOHN TAOLO GAETSEWE;;Formally Opened;Operational;;Public;Ordinary School;Intermediate;Govt;;K5;;TZANEEN VILLAGE;KURUMAN;8460;PO BOX 1212;PO BOX;KURUMAN;KURUMAN;8460;068;4793557;066;1438197;tselanchois@ncdoe.school.za;tselancho5inter@gmail.com;-27.350441;23,786152;;;;;;961252;961252;2102209;Tselancho;;;;;;;;;;;;;;
300031401;NC;HOËRSKOOL CONCORDIA;NAMAKWA;;Formally Opened;Operational;;Public;Ordinary School;Secondary;Govt;;N2;;CONCORDIA;CONCORDIA;8271;PO BOX 141;PO BOX;CONCORDIA;CONCORDIA;8271;027;7316761;083;9658892;conhigh@lantic.net;jennifervollmer09@gmail.com;-29.54483;17.94532;;;;;;343366;203140;2031401;CONCORDIA HIGH;;;;;;;;;;;;;;
300102234;NC;TSHIMOLOGO INTERMEDIATE SCHOOL;JOHN TAOLO GAETSEWE;;Formally Opened;Operational;;Public;Ordinary School;Intermediate;Govt;;K8;;SEODING VILLAGE;MOTHIBISTAD;8474;PRIVATE BAG XX 121;PRIVATE BAG X;MOTHIBISTAD;MOTHIBISTAD;8474;053;0502337;076;2263507;tshimologointermediate@gmail.com;tshimologointermediate@gmail.com;-27.389207;23,435814;;;;;;961271;0007/9;2102234;Tshimologo Intermediate School;;;;;;;;;;;;;;
300032210;NC;TWEERIVIER METODISTE PRIMÊRE SKOOL;NAMAKWA;;Formally Opened;Operational;;Public;Ordinary School;Primary;Church;;;;TWEERIVIER;GARIES;8220;PRIVATE BAG X83;PRIVATE BAG X;TWEERIVIER;KHARKAMS;8223;063;6018695;083;3882655;Tweerivierls@gmail.com;mdcloete05@gmail.com;-30.35261;17.98817;;;;;;346667;970932;;;;;;;;;;;;;;;;
300031205;NC;FERDINAND BRECHER LAERSKOOL  ;NAMAKWA;;Formally Opened;Operational;;Public;Ordinary School;Primary;Govt;;;;STEINKOPF;STEINKOPF;8244;PO BOX 1;PO BOX;STEINKOPF;STEINKOPF;8244;027;7218166;027;7218166;;ferbrech@lantic.net;-29.26338;17.73525;;;;;;340057;5;;;;;;;;;;;;;;;;
300011405;NC;TSWELOPELE SECONDARY SCHOOL (MATLA-A-KITSO);FRANCES BAARD;;Formally Opened;Operational;;Independent;Ordinary School;Secondary;Govt Other;;F3;;;kimberley;8301;PRIVATE BAG XX6008;PRIVATE BAG X;kimberley;kimberley;8301;053;5366200;064;9133853;anttoinnet.mofokeng@dcs.gov.za;gaimelwe@gmail.com;-28,742862;24,71417;;;;;;4663;4663;3002011405;TSWELOPELE CORRECTIONAL CENTRE;;;;;;;;;;;;;;
300015209;NC;KIM-KGOLO PRIMARY SCHOOL;Frances Baard;;Formally Opened;Operational;;Public;Ordinary School;Primary;Govt;;F6;;Mankurwane;Kimberley;8345;PO BOX 9034;PO BOX;Mankurwane;Kimberley;8345;053;8711033;053;0505156;kimkgoloprimaryschool@gmail.com;kimkgolops@ncdoe.school.za;-28.706210;24.723416;;;;;;74367;74367;;;;;;;;;;;;;;;;
300104019;NC;TSOE PRIMARY SCHOOL;JOHN TAOLO GAETSEWE;;Formally Opened;Operational;;Public;Ordinary School;Primary;Govt;;K6;;HEUNINGVLEI VILLAGE ;HEUNAAR;8611;PO BOX 195;PO BOX;HEUNINGVLEI;HEUNAAR;8611;082;7699995;082;7699995;diokaps7@gmail.com;diokaps7@gmail.com;-26.294683333;23.174116667;;;;;;962363;962363;2104019;TSOE PRIMARY SCHOOL;;;;;;;;;;;;;;
300014405;NC;ULCO ACADEMY SCHOOL;FRANCES BAARD;;Formally Opened;Operational;;Independent;Ordinary School;Combined;Factory;;F2;;Ulco;Ulco;8390;PO BOX 123;PO BOX;Ulco;Ulco;8390;076;9935383;082;8556819;acemediaulco@gmail.com;;-28,32917;24,210053;;;;;;;5;2014405;ULCO ACADEMY SCHOOL;;;;;;;;;;;;;;
300013305;NC;ULCO PRIMARY SCHOOL;FRANCES BAARD;;Formally Opened;Operational;;Public;Ordinary School;Primary;Mine;;F2;;Ulco;Ulco;8390;PO BOX 75;PO BOX;Ulco;Ulco;8390;053;5620092;079;5209738;UlcoPS739@gmail.com;job.edith40@gmail.com;-28.33296;24.2058;;;;;;75404;970345;2013305;Ulco Primary School;;;;;;;;;;;;;;
300031212;NC;VIOOLSDRIFT VGK PRIMERE SKOOL;NAMAKWA;;Formally Opened;Operational;;Public;Ordinary School;Primary;Church;;;;Vioolsdrift;Vioolsdrift;8245;PO BOX 735;PO BOX;Steinkopf;Springbok;8244;079;5067099;079;5067099;vioolsdriftprimer@gmail.com;vioolsdriftprimer@gmail.com;-28.779097;17,624707;;;;;;346861;346861;;;;;;;;;;;;;;;;
300043215;NC;VOLOP INTERMEDIATE SCHOOL;ZF MGCAWU;;Formally Opened;Operational;;Public;Ordinary School;Intermediate;Govt;;S3;;Groblershoop;GROBLERSHOOP;8850;PO BOX 167;PO BOX;Groblershoop;GROBLERSHOOP;8850;054;0650020;079;5428115;volopintermediate@gmail.com;cinobiawitbooi350@gmail.com;-28.905656;22,43286;;;;;;361490;540636;;;;;;;;;;;;;;;;
300102050;NC;TT LEKALAKE PRIMARY SCHOOL;JOHN TAOLO GAETSEWE;;Formally Opened;Operational;;Public;Ordinary School;Primary;Govt;;;;BATLHAROS VILLAGE;BATLHAROS;8476;PO BOX 6017;PO BOX;KURUMAN;KURUMAN;8476;076;6261773;082;4600817;ttlekalake2@gmail.com;gg.motsa@gmail.com;-27.294305;23,327447;;;;;;961411;961411;20102050;TT LEKALAKE PRIMARY SCHOOL;;;;;;;;;;;;;;
300016206;NC;TSHWARELELA PRIMARY SCHOOL;FRANCES BAARD;;Formally Opened;Operational;;Public;Ordinary School;Primary;Govt;;F1;;Ipeleng;Kimberley;8345;PO BOX 9274;PO BOX;Mankurwane;Kimberley;8345;053;8721444;082;4977547;tshwarelela.ps@gmail.com;makhosanet@gmail.com;-28.721287;24,712181;;;;;;74415;970412;2016206;TSHWARELELA PRIMARY SCHOOL;;;;;;;;;;;;;;
300044210;NC;LIME ACRES PRIMARY SCHOOL;ZF MGCAWU;;Formally Opened;Operational;;Public;Ordinary School;Primary;Mine;;S5;;Lime Acres;Lime Acres;8410;PO BOX 14;PO BOX;Lime Acres;Lime Acres;8410;053;3850050;071;6739845;admin@limeacresps.co.za;mphomatoks10@gmail.com;-28.36221;23.47429;;;;;;361380;970607;;;;;;;;;;;;;;;;
300016217;NC;VENUS PRIMARY SCHOOL ;Frances Baard;;Formally Opened;Operational;;Public;Ordinary School;Primary;Govt;;F6;;Homevale;Kimberley;8301;PO BOX 1542;PO BOX;Homevale;Kimberley;8301;053;8711004;071;5630512;;;-28.69528;24.73986;;;;;;225270;225270;;Venus Provincial ;;;;;;;;;;;;;;
300042220;NC;VORSTER EILAND PRIMÊRE SKOOL;ZF MGCAWU;;Formally Opened;Operational;;Public;Ordinary School;Primary;Govt;;S4;;Elim-Eiland;Keimoes;8860;PO BOX 783;PO BOX;Kakamas;Keimoes;8800;063;7971376;077;8250552;vorstereiland@gmail.com;vorstereiland@gmail.com;-28.75455;20.85398;;;;;;376833;970000;;Vorstereiland Primere;;;;;;;;;;;;;;
300012220;NC;WATERWORKS PRIMARY SCHOOL;FRANCES BAARD;;Formally Opened;Operational;;Public;Ordinary School;Primary;Govt;;F4;;Riverton  Pleasure  Resort;Kimberley;8300;PO BOX ;PO BOX;Kimberley;Kimberley;8300;053;1100701;079;1758960;waterworksps@ncdoe.school.za;waterworksprimary0@gmail.com;-28.51977;24.69688;;;;;;74444;970322;2012220;WATERWORS PRIMARY SCHOOL;;;;;;;;;;;;;;
300034212;NC;WITBANK LAERSKOOL;NAMAKWA;;Formally Opened;Operational;;Public;Ordinary School;Primary;Govt;;2;;Witbank;Witbank;8890;PO BOX 233;PO BOX;Witbank;Pofadder;8890;054;9330821;072;8209470;fortuin1959@gmail.com;fortuin1959@gmail.com;-28.864722;18,669884;;;;;;0005/35006;7527;;;;;;;;;;;;;;;;
300022402;NC;GARIEP HIGH SCHOOL;PIXLEY-KA-SEME;;Formally Opened;Operational;;Public;Ordinary School;Secondary;Govt;;P2;;PRIESKA;PRIESKA;8940;BURGER STREET 1;BURGER STREET;PRIESKA;PRIESKA;8940;053;0505987;074;5806483;trotsgariep@gmail.com;trotsgariep@gmail.com;-29.665268;22.727416;;;;;;99999999;999999;;Gariep High School;;;;;;;;;;;;;;
300034309;NC;OKIEP HOËRSKOOL;NAMAKWA;;Formally Opened;Operational;;Public;Ordinary School;Secondary;Govt;;N1;;OKIEP;OKIEP;8270;PO BOX 11;PO BOX;OKIEP;OKIEP;8270;069;7829918;084;5088845;okieph@ncdoe.school.za;okiephigh@lantic.net;-29.591016;17.874746;;;;;;340286;2192977;2034309;OKIEP HIGH SCHOOL;;;;;;;;;;;;;;
300100873;NC;LESEDI SECONDARY SCHOOL;JOHN TAOLO GAETSEWE;;Formally Opened;Operational;;Public;Ordinary School;Secondary;Govt;;K6;;BATLHAROS;KURUMAN;8476;PRIVATE BAG X146;PRIVATE BAG X;MOTHIBISTAD;MOTHIBISTAD;8474;053;0502214;083;7203478;lesediss@ncdoe.school.za;loviouswesi@gmail.com;-27.315823;23.344340;;;;;;962269;962269;2100873;LESEDI SECONDARY SCHOOL;;;;;;;;;;;;;;
300042219;NC;VAALKOPPIES (NGK) PRIMÊRE SKOOL;ZF MGCAWU;;Formally Opened;Operational;;Public;Ordinary School;Primary;Farm;;S3;;STRAUSSBURG;UPINGTON;8800;PO BOX 333;PO BOX;UPINGTON;UPINGTON;8800;054;3322906;082;3966082;admin@vaalkoppies.co.za;jackovember@gmail.com;-28.446404;21,318006;;;;;;376167;970544;;;;;;;;;;;;;;;;
300045211;NC;LAERSKOOL SEODIN;JOHN TAOLO GAETSEWE;;Formally Opened;Operational;;Public;Ordinary School;Primary;Govt;;;;KURUMAN;KURUMAN;8460;PO BOX 401;PO BOX;KURUMAN;KURUMAN;8460;053;7121731;066;2337717;kantoor@laerskoolseodin.co.za;kantoor@laerskoolseodin.co.za;-27.42392;23.43642;;;;;;361470;514807;245211;Laerskool Seodin;;;;;;;;;;;;;;
300045213;NC;VANZYLSRUS INTERMEDIERE SKOOL;JOHN TAOLO GAETSEWE;;Formally Opened;Operational;;Public;Ordinary School;Intermediate;Govt;;K7;;VANZYLSRUS;KURUMAN;8467;PO BOX 100;PO BOX;VANZYLSRUS;VANZYLSRUS;8467;071;4920455;071;4920455;vanzylsrusis@ncdoe.school.za;fssvzr@gmail.com;-26.875442;22,0515;;;;;;0004/36152;0004/3;245213;VANZYLSRUS INTERMEDIATE SCHOOL;;;;;;;;;;;;;;
300017214;NC;VALSPAN PRIMARY SCHOOL;FRANCES BAARD;;Formally Opened;Operational;;Public;Ordinary School;Primary;Govt;;F7;;Valspan Location;Jankempdorp;8550;PO BOX 146;PO BOX;Valspan Location;Jankempdorp;8550;053;4560027;082;4738040;valspanis@ncdoe.school.za;valspanschool.principal@gmail.com;-27.916275;24,818062;;;;;;75333;75333;2017214;VALSPAN INTERMEDIATE SCHOOL;;;;;;;;;;;;;;
300041217;NC;VOORUITSIG INTERMEDIATE SCHOOL;ZF MGCAWU;;Formally Opened;Operational;;Public;Ordinary School;Intermediate;Govt;;S1;;Morning Glory;UPINGTON;8801;PO BOX 7097;PO BOX;Oranjekruin;UPINGTON;8807;054;3390715;082;7705890;prinsipaal@vooruitsigupt.co.za;thelmabeukes@gmail.com;-28.46285;21.21403;;;;;;370096;970530;;;;;;;;;;;;;;;;
300041218;NC;WELKOM PRIMÊRE SKOOL;ZF MGCAWU;;Formally Opened;Operational;;Public;Ordinary School;Primary;Farm;;S1;;MIER;WELKOM;8811;PRIVATE BAG Xx965;PRIVATE BAG X;WELKOM;MIER;8811;078;2187181;078;2187181;welkomprimarys@gmail.com;joeypearson328@gmail.com;-26.552773;20,605421;;;;;;376396;970565;;;;;;;;;;;;;;;;
300016210;NC;LAERSKOOL VOORUITSIG;FRANCES BAARD;;Formally Opened;Operational;;Public;Ordinary School;Primary;Govt;;F6;;Hadison Park;Kimberley;8301;PO BOX 110494;PO BOX;Hadison Park;Kimberley;8306;053;8323622;083;7033277;vooruitsigkimberley@gmail.com;aikenlp@gmail.com;-28.75398;24.7613;;;;;;209270;209270;300016210;Vooruitsig Laerskool;;;;;;;;;;;;;;
300011304;NC;DELPORTSHOOP GEKOMBINEERDE SKOOL;FRANCES BAARD;;Formally Opened;Operational;;Public;Ordinary School;Combined;Govt;;F3;;Delportshoop;Delportshoop;8377;PO BOX 123;PO BOX;Delportshoop;Delportshoop;8377;053;2440075;073;4401810;delportshoopgs@ncdoe.school.za;dhhs011@gmail.com;-28.41517;24.30189;;;;;;212208;212208;2011304;Hoërskool Delportshoop;;;;;;;;;;;;;;
300102314;NC;VLAKFONTEIN PRIMARY SCHOOL;JOHN TAOLO GAETSEWE;;Formally Opened;Operational;;Public;Ordinary School;Primary;Municipality;;K2;;MOTHIBISTAD;KURUMAN;8474;PRIVATE BAG XX135;PRIVATE BAG X;MOTHIBISTAD;KURUMAN;8474;064;5498874;082;4473078;vlakfonteinis@ncdoe.school.za;vlakfonteinis2015@gmail.com;-27.433279;23,572147;;;;;;961254;961254;2102314;VLAKFONTEIN PRIMARY SCHOOL;;;;;;;;;;;;;;
300013207;NC;LAERSKOOL HARTSVAAL;FRANCES BAARD;;Formally Opened;Operational;;Public;Ordinary School;Primary;Govt;;F3;;Ganspan;Jankempdorp;8552;PO BOX 940;PO BOX;Ganspan;Jankempdorp;8550;067;9199603;072;5850599;hartsvaal@jenny.co.za;;-27.9756;24.76841;;;;;;209601;300013;2013207;LAERSKOOL HARTSVAAL;;;;;;;;;;;;;;
300042221;NC;VYEBOS-EILAND PRIMÊRE SKOOL;ZF MGCAWU;;Formally Opened;Operational;;Public;Ordinary School;Primary;Govt;;S2;;VYEBOS-EILAND;Keimoes;8860;PO BOX 88;PO BOX;VYEBOS-EILAND;Keimoes;8860;063;3595204;063;3595204;vyeboseiland@gmail.com;vyeboseilandmps@ncdoe.skool.za;-28.724710;21,045588;;;;;;376914;970627;300042221;Primary school vyebos-eiland;;;;;;;;;;;;;;
300034311;NC;WILLISTON JUNIOR KOLLEGE;NAMAKWA;;Formally Opened;Operational;;Independent;Ordinary School;Primary;Private;;N4;;;WILLISTON;8920;PO BOX 114;PO BOX;Williston;WILLISTON;8920;053;3913007;065;5690441;willistonjuniorkollege@gmail.com;marileen.leroux@gmail.com;-31,34515535;20,92528487;;;;;;;;;;;;;;;;;;;;;;;
300017305;NC;WARRENVALE COMBINED SCHOOL;FRANCES BAARD;;Formally Opened;Operational;;Public;Ordinary School;Combined;Govt;;F7;;Warrenvale;Warrenvale;8530;PO BOX 58;PO BOX;Warrenvale;Warrenton;8530;053;4973341;071;0686480;warrenvale@telkomsa.net;lucindabarnesafrika@gmail.com;-28.10329;24.8714;;;;;;225200;970422;2017305;Warrenvale Combined School;;;;;;;;;;;;;;
300017215;NC;WARRENTON PUBLIC PRIMARY SCHOOL;FRANCES BAARD;;Formally Opened;Operational;;Public;Ordinary School;Primary;Govt;;F6;;IKHUTSENG;WARRENTON;8530;PO BOX 28;PO BOX;IKHUTSENG;WARRENTON;8530;068;3344501;072;7494158;warrentonpps@yahoo.com;warrentonpublicprimaryschool@gmail.com;-28.1263;24.85468;;;;;;75329;970425;;;;;;;;;;;;;;;;
300041219;NC;VREDESVALLEI PRIMÊRE SKOOL;ZF MGCAWU;;Formally Opened;Operational;;Public;Ordinary School;Primary;Farm;;S4;;VREDESVALLEI;KAKAMAS;8870;PO BOX 47;PO BOX;Vredesvallei;KAKAMAS;8870;054;4543005;054;4543005;lsvredesvallei@ncschools.co.za;vredesvalleicwp@gmail.com;-28.50437;20.19197;;;;;;361750;970642;300041219;Vredesvallei;;;;;;;;;;;;;;
300012208;NC;VOORSPOED PRIMARY SCHOOL;FRANCES BAARD;;Formally Opened;Operational;;Public;Ordinary School;Primary;Govt;;F6;;Magogong;Taung;8580;PO BOX 176;PO BOX;Magogong;Magogong;8575;087;2886283;072;9704019;voorspoedps@ncdoe.school.za;info@voorspoedprimary.co.za;-27.6765;24,76885;;;;;;209269;970321;2012208;VOORSPOED PRIMARY SCHOOL;;;;;;;;;;;;;;
300017403;NC;HOËRSKOOL WARRENTON;FRANCES BAARD;;Formally Opened;Operational;;Public;Ordinary School;Secondary;Govt;;F7;;Warrenton;Warrenton;8530;PO BOX 121;PO BOX;Warrenton;Warrenton;8530;053;4973219;082;9212942;hswarrenton@lantic.net;lenette.beukes@live.co.za;-28.10927;24.85156;;;;;;210236;970421;2017403;HOËRSKOOL WARRENTON;;;;;;;;;;;;;;
300016218;NC;WEST END PRIMARY SCHOOL;FRANCES BAARD;;Formally Opened;Operational;;Public;Ordinary School;Primary;Govt;;F7;;West End;Kimberley;8301;PO BOX 1158;PO BOX;West End;Kimberley;8300;053;8614762;073;6205827;weps@telkomsa.net;westendps@ncdoe.school.za;-28.7371;24.74147;;;;;;209276;970410;2016218;WEST END PRIMARY SCHOOL;;;;;;;;;;;;;;
300017409;NC;VALSPAN  HIGH SCHOOL;FRANCES BAARD;;Formally Opened;Operational;;Public;Ordinary School;Secondary;Govt;;F4;;Valspan Location;Jan kempdorp;8550;PO BOX 1124;PO BOX;Valspan Location;Jan kempdorp;8550;079;9366799;082;5599749;valspanhigh@gmail.com;valspanhs@ncode.school.za;-27.925639;24,806318;;;;;;962412;962412;2017405;VALSPAN  HIGH SCHOOL;;;;;;;;;;;;;;
300014403;NC;WILLIAM PESCOD SECONDARY SCHOOL;FRANCES BAARD;;Formally Opened;Operational;;Public;Ordinary School;Secondary;Govt;;F9;;Utility;Kimberley;8301;PO BOX 1065;PO BOX;Utility;Kimberley;8301;053;8323362;083;6556167;williampescod@telkomsa.net;williampescod1@telkomsa.net;-28.72527;24.76657;;;;;;225380;566938;2014403;WILLIAM PESCOD SECONDARY;;;;;;;;;;;;;;
300016214;NC;ROODEPAN PRIMARY SCHOOL;FRANCES BAARD;;Formally Opened;Operational;;Public;Ordinary School;Combined;Govt;;F3;;Pescodia;Kimberley;8309;STARLING STRAAT 90;STARLING STRAAT;Pescodia;Kimberley;8309;053;8731911;064;9378355;roodepanps@ncdoe.school.za;roodepanprimary@gmail.com;-28.666328;24,717335;;;;;;225290;123456;2016214;LAERSKOOL ROODEPAN;;;;;;;;;;;;;;
300100526;NC;IKAKANYENG SECONDARY SCHOOL;JOHN TAOLO GAETSEWE;;Formally Opened;Operational;;Public;Ordinary School;Secondary;Govt;;K1;;DIKHING VILLAGE;KURUMAN;8460;PO BOX 1720;PO BOX;KURUMAN;KURUMAN;8460;073;2409760;073;2409760;aggieassegai@gmail.com;aggieassegai@gmail.com;-27.298539;23.782162;;;;;;961401;961401;2100526;ikakanyeng high school;;;;;;;;;;;;;;
300051401;NC;SPROUT ACADEMY;JOHN TAOLO GAETSEWE;;Formally Opened;Operational;;Independent;Ordinary School;Combined;Private;;K4;;Kathu;Kathu;8446;ESSENHOUT 14;ESSENHOUT;Kathu;Kathu;8446;073;3863138;073;0819966;sproutacademy22@gmail.com;;;;;;;;;;123456;;;;;;;;;;;;;;;;
300057201;NC;WRENCHVILLE NEW PRIMARY SCHOOL;JOHN TAOLO GAETSEWE;;Formally Opened;Operational;;Public;Ordinary School;Primary;Govt;;K7;;Kuruman;Wrenchville;8468;PO BOX 1004;PO BOX;Kuruman;KURUMAN;8468;073;4442828;083;4448282;principal.wrenchvillenewprimary@gmail.com;principal.wrenchvillenewprimary@gmail.com;-27.442615;23.458274;;;;;;381010;381010;2057201;WRENCHVILLE NEW PRIMARY SCHOOL;;;;;;;;;;;;;;
300016401;NC;KARRIKAMMA HOËRSKOOL;PIXLEY-KA-SEME;;Formally Opened;Operational;;Public;Ordinary School;Secondary;Govt;;P5;;GRIQUATOWN;GRIQUATOWN;8365;PO BOX 106;PO BOX;GRIQUATOWN;GRIQUATOWN;8365;073;7528788;084;2092169;karrikammahigh@gmail.com;katrinavoster50@gmail.com;-28.850275;23.255131;;;;;;212212;502229;16401;Karrikamma High School;;;;;;;;;;;;;;
300101955;NC;SENGAE PRIMARY SCHOOL;JOHN TAOLO GAETSEWE;;Formally Opened;Operational;;Public;Ordinary School;Primary;Govt Education;;K5;;Bothithong;Kuruman;8582;PO BOX 318;PO BOX;Mothibistad;Kuruman;8474;074;7833413;076;5201665;sengaeps19@gmail.com;leacwelefa@gmail.com;-27.071767;23.84195;;;;;;0007/96134;9309;;Sengae Primary School;;;;;;;;;;;;;;
300101562;NC;OLEBOGENG SECONDARY SCHOOL;JOHN TAOLO GAETSEWE;;Formally Opened;Operational;;Public;Ordinary School;Secondary;Govt;;K2;;KAMDEN VILLAGE;KAMDEN;8481;PO BOX 2498;PO BOX;Mothibistad;KURUMAN ;8460;072;0373257;073;4772367;olebogengis@ncdoe.school.za;tanke.senah@gmail.com;-27.363802;23.903640;;;;;;007/961273;007/96;2101562;OLEBOGENG SECONDARY SCHOOL;;;;;;;;;;;;;;
300051203;NC;JM FOUNDATION SCHOOL;JOHN TAOLO GAETSEWE;;Formally Opened;Operational;;Independent;Ordinary School;Primary;Private;;K5;;Purchase Avenue 9;Kuruman;8460;PO BOX;PO BOX;Mothibistad;KURUMAN ;8460;079;4983584;083;8826974;jclarke40@gmail.com;gailvdm@yahoo.com;;;;;;;;;;;;;;;;;;;;;;;;;
300051304;NC;LEAP SCIENCE AND MATHS SCHOOL;JOHN TAOLO GAETSEWE;;Formally Opened;Operational;;Independent;Ordinary School;Secondary;Private;;K6;;4 Thompson Street;Kuruman;8640;PO BOX;PO BOX;Soedin;KURUMAN ;8460;053;0125022;;;info@leapschool.org.za;nqongo@leapschool.org.za;;;;;;;;;;;;;;;;;;;;;;;;;
300045220;NC;ST FUTURE PRIVATE ACADEMY ;FRANCES BAARD;;Formally Opened;Operational;;Independent;Ordinary School;Primary;Private;;F2;;10 LIMPOPO STREET ;KIMBERLEY;8301;PO BOX;PO BOX;;Kimberley;8301;078;9434652;;;info@stfutureprivateacademy.co.za;;;;;;;;;;;;;;;;;;;;;;;;;;
